ts,Litros 1
2023-05-09 16:00:00,8.97283
2023-05-09 17:00:00,0.0
2023-05-09 18:00:00,0.0
2023-05-09 19:00:00,0.0
2023-05-09 20:00:00,0.0
2023-05-09 21:00:00,0.0
2023-05-09 22:00:00,0.0
2023-05-09 23:00:00,0.0
2023-05-10 00:00:00,0.0
2023-05-10 01:00:00,0.0
2023-05-10 02:00:00,0.0
2023-05-10 03:00:00,0.0
2023-05-10 04:00:00,0.0
2023-05-10 05:00:00,0.0
2023-05-10 06:00:00,0.0
2023-05-10 07:00:00,0.0
2023-05-10 08:00:00,0.0
2023-05-10 09:00:00,0.0
2023-05-10 10:00:00,0.0
2023-05-10 11:00:00,0.0
2023-05-10 12:00:00,0.0
2023-05-10 13:00:00,0.0
2023-05-10 14:00:00,0.0
2023-05-10 15:00:00,0.0
2023-05-10 16:00:00,0.0
2023-05-10 17:00:00,0.0
2023-05-10 18:00:00,0.0
2023-05-10 19:00:00,0.0
2023-05-10 20:00:00,0.0
2023-05-10 21:00:00,0.0
2023-05-10 22:00:00,0.0
2023-05-10 23:00:00,0.0
2023-05-11 00:00:00,0.0
2023-05-11 01:00:00,0.0
2023-05-11 02:00:00,0.0
2023-05-11 03:00:00,0.0
2023-05-11 04:00:00,0.0
2023-05-11 05:00:00,0.0
2023-05-11 06:00:00,0.0
2023-05-11 07:00:00,0.0
2023-05-11 08:00:00,0.0
2023-05-11 09:00:00,0.0
2023-05-11 10:00:00,0.0
2023-05-11 11:00:00,0.0
2023-05-11 12:00:00,0.0
2023-05-11 13:00:00,0.0
2023-05-11 14:00:00,0.0
2023-05-11 15:00:00,0.0
2023-05-11 16:00:00,0.0
2023-05-11 17:00:00,0.0
2023-05-11 18:00:00,0.0
2023-05-11 19:00:00,0.0
2023-05-11 20:00:00,0.0
2023-05-11 21:00:00,0.0
2023-05-11 22:00:00,0.0
2023-05-11 23:00:00,0.0
2023-05-12 00:00:00,0.0
2023-05-12 01:00:00,0.0
2023-05-12 02:00:00,0.0
2023-05-12 03:00:00,0.0
2023-05-12 04:00:00,0.0
2023-05-12 05:00:00,0.0
2023-05-12 06:00:00,0.0
2023-05-12 07:00:00,0.0
2023-05-12 08:00:00,0.0
2023-05-12 09:00:00,0.0
2023-05-12 10:00:00,0.0
2023-05-12 11:00:00,0.0
2023-05-12 12:00:00,0.0
2023-05-12 13:00:00,0.0
2023-05-12 14:00:00,0.0
2023-05-12 15:00:00,0.0
2023-05-12 16:00:00,0.0
2023-05-12 17:00:00,0.0
2023-05-12 18:00:00,0.0
2023-05-12 19:00:00,0.0
2023-05-12 20:00:00,0.0
2023-05-12 21:00:00,0.0
2023-05-12 22:00:00,0.0
2023-05-12 23:00:00,0.0
2023-05-13 00:00:00,0.0
2023-05-13 01:00:00,0.0
2023-05-13 02:00:00,0.0
2023-05-13 03:00:00,0.0
2023-05-13 04:00:00,0.0
2023-05-13 05:00:00,0.0
2023-05-13 06:00:00,0.0
2023-05-13 07:00:00,0.0
2023-05-13 08:00:00,0.0
2023-05-13 09:00:00,0.0
2023-05-13 10:00:00,0.0
2023-05-13 11:00:00,0.0
2023-05-13 12:00:00,0.0
2023-05-13 13:00:00,0.0
2023-05-13 14:00:00,0.0
2023-05-13 15:00:00,0.0
2023-05-13 16:00:00,0.0
2023-05-13 17:00:00,0.0
2023-05-13 18:00:00,0.0
2023-05-13 19:00:00,0.0
2023-05-13 20:00:00,0.0
2023-05-13 21:00:00,0.0
2023-05-13 22:00:00,0.0
2023-05-13 23:00:00,0.0
2023-05-14 00:00:00,0.0
2023-05-14 01:00:00,0.0
2023-05-14 02:00:00,0.0
2023-05-14 03:00:00,0.0
2023-05-14 04:00:00,0.0
2023-05-14 05:00:00,0.0
2023-05-14 06:00:00,0.0
2023-05-14 07:00:00,0.0
2023-05-14 08:00:00,0.0
2023-05-14 09:00:00,0.0
2023-05-14 10:00:00,0.0
2023-05-14 11:00:00,0.0
2023-05-14 12:00:00,0.0
2023-05-14 13:00:00,0.0
2023-05-14 14:00:00,0.0
2023-05-14 15:00:00,0.0
2023-05-14 16:00:00,0.0
2023-05-14 17:00:00,0.0
2023-05-14 18:00:00,0.0
2023-05-14 19:00:00,0.0
2023-05-14 20:00:00,0.0
2023-05-14 21:00:00,0.0
2023-05-14 22:00:00,0.0
2023-05-14 23:00:00,0.0
2023-05-15 00:00:00,0.0
2023-05-15 01:00:00,0.0
2023-05-15 02:00:00,0.0
2023-05-15 03:00:00,0.0
2023-05-15 04:00:00,0.0
2023-05-15 05:00:00,0.0
2023-05-15 06:00:00,0.0
2023-05-15 07:00:00,0.0
2023-05-15 08:00:00,0.0
2023-05-15 09:00:00,0.0
2023-05-15 10:00:00,0.0
2023-05-15 11:00:00,0.0
2023-05-15 12:00:00,0.0
2023-05-15 13:00:00,0.0
2023-05-15 14:00:00,0.0
2023-05-15 15:00:00,0.0
2023-05-15 16:00:00,0.0
2023-05-15 17:00:00,0.0
2023-05-15 18:00:00,0.0
2023-05-15 19:00:00,0.0
2023-05-15 20:00:00,0.007032
2023-05-15 21:00:00,0.0
2023-05-15 22:00:00,0.0
2023-05-15 23:00:00,0.0
2023-05-16 00:00:00,0.0
2023-05-16 01:00:00,0.0
2023-05-16 02:00:00,0.0
2023-05-16 03:00:00,0.0
2023-05-16 04:00:00,0.0
2023-05-16 05:00:00,0.035160000000000004
2023-05-16 06:00:00,0.002344
2023-05-16 07:00:00,1.3487765666666667
2023-05-16 08:00:00,13.384242
2023-05-16 09:00:00,9.279110666666666
2023-05-16 10:00:00,19.5407289
2023-05-16 11:00:00,21.41752095
2023-05-16 12:00:00,75.005604
2023-05-16 13:00:00,40.336292666666665
2023-05-16 14:00:00,51.33709866666667
2023-05-16 15:00:00,33.41348561666667
2023-05-16 16:00:00,27.5615125
2023-05-16 17:00:00,75.97751246666667
2023-05-16 18:00:00,13.385799666666665
2023-05-16 19:00:00,14.222601999999998
2023-05-16 20:00:00,28.57567
2023-05-16 21:00:00,0.014064
2023-05-16 22:00:00,0.002344
2023-05-16 23:00:00,0.002344
2023-05-17 00:00:00,0.0
2023-05-17 01:00:00,0.0
2023-05-17 02:00:00,0.0
2023-05-17 03:00:00,0.0
2023-05-17 04:00:00,0.0
2023-05-17 05:00:00,0.004688
2023-05-17 06:00:00,11.418813
2023-05-17 07:00:00,4.589549
2023-05-17 08:00:00,21.300324666666665
2023-05-17 09:00:00,19.255199616666665
2023-05-17 10:00:00,4.856965333333333
2023-05-17 11:00:00,33.35159366666666
2023-05-17 12:00:00,105.678006
2023-05-17 13:00:00,5.130235666666667
2023-05-17 14:00:00,48.91648133333333
2023-05-17 15:00:00,74.47561366666666
2023-05-17 16:00:00,71.934985
2023-05-17 17:00:00,59.18785533333333
2023-05-17 18:00:00,14.95470995
2023-05-17 19:00:00,38.726402
2023-05-17 20:00:00,0.43168666666666666
2023-05-17 21:00:00,0.096104
2023-05-17 22:00:00,0.01172
2023-05-17 23:00:00,0.002344
2023-05-18 00:00:00,0.0
2023-05-18 01:00:00,0.0
2023-05-18 02:00:00,0.0
2023-05-18 03:00:00,0.0
2023-05-18 04:00:00,0.0
2023-05-18 05:00:00,0.04062933333333334
2023-05-18 06:00:00,30.44151
2023-05-18 07:00:00,17.908142
2023-05-18 08:00:00,23.905276
2023-05-18 09:00:00,35.18105
2023-05-18 10:00:00,41.692686
2023-05-18 11:00:00,71.66819066666666
2023-05-18 12:00:00,46.54125
2023-05-18 13:00:00,30.5547382
2023-05-18 14:00:00,13.650304
2023-05-18 15:00:00,64.02904266666667
2023-05-18 16:00:00,60.237276
2023-05-18 17:00:00,19.013717666666665
2023-05-18 18:00:00,5.855709666666666
2023-05-18 19:00:00,0.8692333333333333
2023-05-18 20:00:00,10.991595
2023-05-18 21:00:00,0.103136
2023-05-18 22:00:00,0.011720000000000001
2023-05-18 23:00:00,0.0
2023-05-19 00:00:00,0.0
2023-05-19 01:00:00,0.0
2023-05-19 02:00:00,0.0
2023-05-19 03:00:00,0.0
2023-05-19 04:00:00,0.0
2023-05-19 05:00:00,0.065632
2023-05-19 06:00:00,15.528373
2023-05-19 07:00:00,0.01758
2023-05-19 08:00:00,0.604752
2023-05-19 09:00:00,32.71263926666666
2023-05-19 10:00:00,33.233192
2023-05-19 11:00:00,48.351964
2023-05-19 12:00:00,25.129645
2023-05-19 13:00:00,66.905926
2023-05-19 14:00:00,55.262656
2023-05-19 15:00:00,17.186008666666662
2023-05-19 16:00:00,11.824304666666668
2023-05-19 17:00:00,22.721516
2023-05-19 18:00:00,28.63277133333333
2023-05-19 19:00:00,42.910404
2023-05-19 20:00:00,0.387932
2023-05-19 21:00:00,0.0
2023-05-19 22:00:00,0.0
2023-05-19 23:00:00,0.0
2023-05-20 00:00:00,0.0
2023-05-20 01:00:00,0.0
2023-05-20 02:00:00,0.0
2023-05-20 03:00:00,0.0
2023-05-20 04:00:00,0.0
2023-05-20 05:00:00,0.030472
2023-05-20 06:00:00,0.035160000000000004
2023-05-20 07:00:00,10.399147950000001
2023-05-20 08:00:00,29.37661466666667
2023-05-20 09:00:00,43.01469
2023-05-20 10:00:00,35.1453315
2023-05-20 11:00:00,0.9973719999999999
2023-05-20 12:00:00,57.85853866666667
2023-05-20 13:00:00,45.91461866666667
2023-05-20 14:00:00,0.014064
2023-05-20 15:00:00,0.133608
2023-05-20 16:00:00,0.002344
2023-05-20 17:00:00,0.004688
2023-05-20 18:00:00,0.002344
2023-05-20 19:00:00,0.002344
2023-05-20 20:00:00,0.0
2023-05-20 21:00:00,0.0
2023-05-20 22:00:00,0.0
2023-05-20 23:00:00,0.0
2023-05-21 00:00:00,0.0
2023-05-21 01:00:00,0.0
2023-05-21 02:00:00,0.0
2023-05-21 03:00:00,0.0
2023-05-21 04:00:00,0.0
2023-05-21 05:00:00,0.0
2023-05-21 06:00:00,0.0
2023-05-21 07:00:00,0.0
2023-05-21 08:00:00,0.0
2023-05-21 09:00:00,0.023440000000000003
2023-05-21 10:00:00,0.002344
2023-05-21 11:00:00,0.0
2023-05-21 12:00:00,0.0
2023-05-21 13:00:00,0.002344
2023-05-21 14:00:00,0.0
2023-05-21 15:00:00,0.0
2023-05-21 16:00:00,0.0
2023-05-21 17:00:00,0.0
2023-05-21 18:00:00,0.0
2023-05-21 19:00:00,0.0
2023-05-21 20:00:00,0.0
2023-05-21 21:00:00,0.0
2023-05-21 22:00:00,0.0
2023-05-21 23:00:00,0.0
2023-05-22 00:00:00,0.0
2023-05-22 01:00:00,0.0
2023-05-22 02:00:00,0.0
2023-05-22 03:00:00,0.0
2023-05-22 04:00:00,0.0
2023-05-22 05:00:00,0.03516
2023-05-22 06:00:00,6.877288
2023-05-22 07:00:00,0.8657173333333333
2023-05-22 08:00:00,20.773696
2023-05-22 09:00:00,37.386758
2023-05-22 10:00:00,46.625673
2023-05-22 11:00:00,36.49688833333333
2023-05-22 12:00:00,36.627938
2023-05-22 13:00:00,44.20151283333333
2023-05-22 14:00:00,39.84597633333333
2023-05-22 15:00:00,72.45337133333334
2023-05-22 16:00:00,25.053103666666665
2023-05-22 17:00:00,52.825607
2023-05-22 18:00:00,38.07907528333333
2023-05-22 19:00:00,8.017849333333334
2023-05-22 20:00:00,20.2333919
2023-05-22 21:00:00,0.302376
2023-05-22 22:00:00,0.002344
2023-05-22 23:00:00,0.0
2023-05-23 00:00:00,0.0
2023-05-23 01:00:00,0.0
2023-05-23 02:00:00,0.0
2023-05-23 03:00:00,0.0
2023-05-23 04:00:00,0.0
2023-05-23 05:00:00,0.004688
2023-05-23 06:00:00,3.34723
2023-05-23 07:00:00,24.248662000000003
2023-05-23 08:00:00,17.049072
2023-05-23 09:00:00,23.92164233333333
2023-05-23 10:00:00,25.440552
2023-05-23 11:00:00,42.071262
2023-05-23 12:00:00,37.89973795
2023-05-23 13:00:00,9.735800000000001
2023-05-23 14:00:00,59.031804933333326
2023-05-23 15:00:00,61.739788999999995
2023-05-23 16:00:00,26.75168366666667
2023-05-23 17:00:00,34.686466
2023-05-23 18:00:00,24.878047
2023-05-23 19:00:00,23.374342
2023-05-23 20:00:00,0.690308
2023-05-23 21:00:00,0.133608
2023-05-23 22:00:00,0.0
2023-05-23 23:00:00,0.0
2023-05-24 00:00:00,0.0
2023-05-24 01:00:00,0.0
2023-05-24 02:00:00,0.0
2023-05-24 03:00:00,0.0
2023-05-24 04:00:00,0.0
2023-05-24 05:00:00,0.008204
2023-05-24 06:00:00,0.007032
2023-05-24 07:00:00,26.472349666666666
2023-05-24 08:00:00,2.014515733333333
2023-05-24 09:00:00,27.56580556666667
2023-05-24 10:00:00,35.7401329
2023-05-24 11:00:00,94.78779
2023-05-24 12:00:00,22.32854533333333
2023-05-24 13:00:00,37.273926333333335
2023-05-24 14:00:00,55.001909000000005
2023-05-24 15:00:00,71.36030728333333
2023-05-24 16:00:00,23.571254
2023-05-24 17:00:00,38.70143133333333
2023-05-24 18:00:00,30.798198
2023-05-24 19:00:00,23.871286
2023-05-24 20:00:00,17.867184
2023-05-24 21:00:00,0.004688
2023-05-24 22:00:00,0.0
2023-05-24 23:00:00,0.0
2023-05-25 00:00:00,0.0
2023-05-25 01:00:00,0.0
2023-05-25 02:00:00,0.0
2023-05-25 03:00:00,0.0
2023-05-25 04:00:00,0.0
2023-05-25 05:00:00,0.0
2023-05-25 06:00:00,23.479884
2023-05-25 07:00:00,0.577796
2023-05-25 08:00:00,0.0
2023-05-25 09:00:00,0.0
2023-05-25 10:00:00,44.8290039
2023-05-25 11:00:00,43.983421066666665
2023-05-25 12:00:00,0.0
2023-05-25 13:00:00,0.0
2023-05-25 14:00:00,0.0
2023-05-25 15:00:00,0.0
2023-05-25 16:00:00,48.66612
2023-05-25 17:00:00,0.0
2023-05-25 18:00:00,0.0
2023-05-25 19:00:00,0.0
2023-05-25 20:00:00,0.0
2023-05-25 21:00:00,0.0
2023-05-25 22:00:00,0.0
2023-05-25 23:00:00,0.0
2023-05-26 00:00:00,0.0
2023-05-26 01:00:00,0.0
2023-05-26 02:00:00,0.0
2023-05-26 03:00:00,0.0
2023-05-26 04:00:00,0.0
2023-05-26 05:00:00,0.0
2023-05-26 06:00:00,0.0
2023-05-26 07:00:00,0.0
2023-05-26 08:00:00,0.0
2023-05-26 09:00:00,0.0
2023-05-26 10:00:00,0.0
2023-05-26 11:00:00,0.0
2023-05-26 12:00:00,0.0
2023-05-26 13:00:00,0.0
2023-05-26 14:00:00,0.0
2023-05-26 15:00:00,0.0
2023-05-26 16:00:00,0.0
2023-05-26 17:00:00,0.0
2023-05-26 18:00:00,0.0
2023-05-26 19:00:00,0.0
2023-05-26 20:00:00,0.0
2023-05-26 21:00:00,0.0
2023-05-26 22:00:00,0.0
2023-05-26 23:00:00,0.0
2023-05-27 00:00:00,0.0
2023-05-27 01:00:00,0.0
2023-05-27 02:00:00,0.0
2023-05-27 03:00:00,0.0
2023-05-27 04:00:00,0.0
2023-05-27 05:00:00,0.0
2023-05-27 06:00:00,0.0
2023-05-27 07:00:00,0.0
2023-05-27 08:00:00,0.0
2023-05-27 09:00:00,0.0
2023-05-27 10:00:00,0.0
2023-05-27 11:00:00,0.0
2023-05-27 12:00:00,0.0
2023-05-27 13:00:00,0.0
2023-05-27 14:00:00,0.0
2023-05-27 15:00:00,0.0
2023-05-27 16:00:00,0.0
2023-05-27 17:00:00,0.0
2023-05-27 18:00:00,0.0
2023-05-27 19:00:00,0.0
2023-05-27 20:00:00,0.0
2023-05-27 21:00:00,0.0
2023-05-27 22:00:00,0.0
2023-05-27 23:00:00,0.0
2023-05-28 00:00:00,0.0
2023-05-28 01:00:00,0.0
2023-05-28 02:00:00,0.0
2023-05-28 03:00:00,0.0
2023-05-28 04:00:00,0.0
2023-05-28 05:00:00,0.0
2023-05-28 06:00:00,0.0
2023-05-28 07:00:00,0.0
2023-05-28 08:00:00,0.0
2023-05-28 09:00:00,0.0
2023-05-28 10:00:00,0.0
2023-05-28 11:00:00,0.0
2023-05-28 12:00:00,0.0
2023-05-28 13:00:00,0.0
2023-05-28 14:00:00,0.0
2023-05-28 15:00:00,0.0
2023-05-28 16:00:00,0.0
2023-05-28 17:00:00,0.0
2023-05-28 18:00:00,0.0
2023-05-28 19:00:00,0.0
2023-05-28 20:00:00,0.0
2023-05-28 21:00:00,0.0
2023-05-28 22:00:00,0.0
2023-05-28 23:00:00,0.0
2023-05-29 00:00:00,0.0
2023-05-29 01:00:00,0.0
2023-05-29 02:00:00,0.0
2023-05-29 03:00:00,0.0
2023-05-29 04:00:00,0.0
2023-05-29 05:00:00,0.0
2023-05-29 06:00:00,0.0
2023-05-29 07:00:00,0.0
2023-05-29 08:00:00,0.0
2023-05-29 09:00:00,0.0
2023-05-29 10:00:00,0.0
2023-05-29 11:00:00,0.0
2023-05-29 12:00:00,0.0
2023-05-29 13:00:00,0.0
2023-05-29 14:00:00,0.0
2023-05-29 15:00:00,0.0
2023-05-29 16:00:00,0.0
2023-05-29 17:00:00,0.0
2023-05-29 18:00:00,0.0
2023-05-29 19:00:00,0.007032
2023-05-29 20:00:00,33.863803
2023-05-29 21:00:00,10.477628000000001
2023-05-29 22:00:00,0.0
2023-05-29 23:00:00,0.0
2023-05-30 00:00:00,0.009376
2023-05-30 01:00:00,0.0
2023-05-30 02:00:00,0.0
2023-05-30 03:00:00,0.0
2023-05-30 04:00:00,0.002344
2023-05-30 05:00:00,0.030472
2023-05-30 06:00:00,8.043436
2023-05-30 07:00:00,25.868384
2023-05-30 08:00:00,34.214198
2023-05-30 09:00:00,39.290166
2023-05-30 10:00:00,9.904960666666668
2023-05-30 11:00:00,14.92307
2023-05-30 12:00:00,24.955012333333332
2023-05-30 13:00:00,50.88394066666667
2023-05-30 14:00:00,0.0
2023-05-30 15:00:00,5.333769
2023-05-30 16:00:00,20.7263983
2023-05-30 17:00:00,34.074384333333334
2023-05-30 18:00:00,20.549254
2023-05-30 19:00:00,1.616188
2023-05-30 20:00:00,27.6006
2023-05-30 21:00:00,0.0
2023-05-30 22:00:00,0.004688
2023-05-30 23:00:00,0.004688
2023-05-31 00:00:00,0.009376
2023-05-31 01:00:00,0.0
2023-05-31 02:00:00,0.0
2023-05-31 03:00:00,0.0
2023-05-31 04:00:00,0.0
2023-05-31 05:00:00,0.018752
2023-05-31 06:00:00,0.014064
2023-05-31 07:00:00,8.19931
2023-05-31 08:00:00,12.822847000000001
2023-05-31 09:00:00,53.649466000000004
2023-05-31 10:00:00,17.211551666666665
2023-05-31 11:00:00,35.43737933333333
2023-05-31 12:00:00,46.295911333333336
2023-05-31 13:00:00,17.151263333333333
2023-05-31 14:00:00,53.764874
2023-05-31 15:00:00,52.99904195
2023-05-31 16:00:00,42.63170133333333
2023-05-31 17:00:00,35.07010666666667
2023-05-31 18:00:00,24.93428
2023-05-31 19:00:00,19.373168
2023-05-31 20:00:00,22.764132666666665
2023-05-31 21:00:00,0.0
2023-05-31 22:00:00,0.0
2023-05-31 23:00:00,0.004688
2023-06-01 00:00:00,0.0
2023-06-01 01:00:00,0.0
2023-06-01 02:00:00,0.0
2023-06-01 03:00:00,0.0
2023-06-01 04:00:00,0.0
2023-06-01 05:00:00,0.016408
2023-06-01 06:00:00,9.125188000000001
2023-06-01 07:00:00,1.428668
2023-06-01 08:00:00,1.393508
2023-06-01 09:00:00,7.473845
2023-06-01 10:00:00,11.0656056
2023-06-01 11:00:00,12.120804000000001
2023-06-01 12:00:00,54.547603333333335
2023-06-01 13:00:00,36.997269333333335
2023-06-01 14:00:00,29.403151
2023-06-01 15:00:00,98.40327266666667
2023-06-01 16:00:00,13.602611
2023-06-01 17:00:00,48.039069999999995
2023-06-01 18:00:00,17.63859
2023-06-01 19:00:00,10.488222
2023-06-01 20:00:00,25.247210000000003
2023-06-01 21:00:00,0.004688
2023-06-01 22:00:00,0.0
2023-06-01 23:00:00,0.004688
2023-06-02 00:00:00,0.0
2023-06-02 01:00:00,0.0
2023-06-02 02:00:00,0.0
2023-06-02 03:00:00,0.0
2023-06-02 04:00:00,0.0
2023-06-02 05:00:00,0.010157333333333334
2023-06-02 06:00:00,9.683036
2023-06-02 07:00:00,9.237702
2023-06-02 08:00:00,24.246338
2023-06-02 09:00:00,36.2664149
2023-06-02 10:00:00,46.565916
2023-06-02 11:00:00,47.329637299999995
2023-06-02 12:00:00,51.90936466666667
2023-06-02 13:00:00,18.56213
2023-06-02 14:00:00,54.427666
2023-06-02 15:00:00,38.382954950000006
2023-06-02 16:00:00,20.799105333333333
2023-06-02 17:00:00,29.145265
2023-06-02 18:00:00,11.498488
2023-06-02 19:00:00,19.892723999999998
2023-06-02 20:00:00,13.138112999999999
2023-06-02 21:00:00,0.121888
2023-06-02 22:00:00,0.004688
2023-06-02 23:00:00,0.0
2023-06-03 00:00:00,0.0
2023-06-03 01:00:00,0.0
2023-06-03 02:00:00,0.0
2023-06-03 03:00:00,0.0
2023-06-03 04:00:00,0.0
2023-06-03 05:00:00,0.0
2023-06-03 06:00:00,6.6007
2023-06-03 07:00:00,0.7688320000000001
2023-06-03 08:00:00,36.150289
2023-06-03 09:00:00,19.559496000000003
2023-06-03 10:00:00,23.942966333333334
2023-06-03 11:00:00,8.809336
2023-06-03 12:00:00,39.433887666666664
2023-06-03 13:00:00,20.52327933333333
2023-06-03 14:00:00,3.4808339999999998
2023-06-03 15:00:00,4.98803
2023-06-03 16:00:00,0.011720000000000001
2023-06-03 17:00:00,0.0
2023-06-03 18:00:00,0.004688
2023-06-03 19:00:00,0.002344
2023-06-03 20:00:00,0.017580000000000002
2023-06-03 21:00:00,0.010548
2023-06-03 22:00:00,0.0
2023-06-03 23:00:00,0.004688
2023-06-04 00:00:00,0.0
2023-06-04 01:00:00,0.0
2023-06-04 02:00:00,0.0
2023-06-04 03:00:00,0.0
2023-06-04 04:00:00,0.0
2023-06-04 05:00:00,0.013282666666666668
2023-06-04 06:00:00,0.0
2023-06-04 07:00:00,0.002344
2023-06-04 08:00:00,0.0
2023-06-04 09:00:00,0.002344
2023-06-04 10:00:00,4.265310666666667
2023-06-04 11:00:00,8.595426000000002
2023-06-04 12:00:00,0.510992
2023-06-04 13:00:00,0.0
2023-06-04 14:00:00,1.58689
2023-06-04 15:00:00,0.0
2023-06-04 16:00:00,0.687962
2023-06-04 17:00:00,0.60944
2023-06-04 18:00:00,0.010157333333333334
2023-06-04 19:00:00,0.007032
2023-06-04 20:00:00,0.0
2023-06-04 21:00:00,0.0
2023-06-04 22:00:00,0.0
2023-06-04 23:00:00,0.0
2023-06-05 00:00:00,0.0
2023-06-05 01:00:00,0.002344
2023-06-05 02:00:00,0.0
2023-06-05 03:00:00,0.0
2023-06-05 04:00:00,0.0
2023-06-05 05:00:00,0.008204000000000001
2023-06-05 06:00:00,9.715878
2023-06-05 07:00:00,23.087184
2023-06-05 08:00:00,45.81857866666667
2023-06-05 09:00:00,34.172028
2023-06-05 10:00:00,67.58449999999999
2023-06-05 11:00:00,37.90637066666667
2023-06-05 12:00:00,58.219027000000004
2023-06-05 13:00:00,33.87898
2023-06-05 14:00:00,19.8373159
2023-06-05 15:00:00,112.412894
2023-06-05 16:00:00,43.131949999999996
2023-06-05 17:00:00,6.901913
2023-06-05 18:00:00,31.472859
2023-06-05 19:00:00,23.222
2023-06-05 20:00:00,33.696114
2023-06-05 21:00:00,0.0
2023-06-05 22:00:00,0.0
2023-06-05 23:00:00,0.0
2023-06-06 00:00:00,0.0
2023-06-06 01:00:00,0.0
2023-06-06 02:00:00,0.0
2023-06-06 03:00:00,0.0
2023-06-06 04:00:00,0.0
2023-06-06 05:00:00,0.004688
2023-06-06 06:00:00,0.007032
2023-06-06 07:00:00,8.869687899999999
2023-06-06 08:00:00,25.761748
2023-06-06 09:00:00,25.563631333333333
2023-06-06 10:00:00,27.311117
2023-06-06 11:00:00,37.093192
2023-06-06 12:00:00,72.60892
2023-06-06 13:00:00,47.38696626666667
2023-06-06 14:00:00,86.45728766666667
2023-06-06 15:00:00,57.638979
2023-06-06 16:00:00,80.79375633333333
2023-06-06 17:00:00,47.681659999999994
2023-06-06 18:00:00,0.97862
2023-06-06 19:00:00,33.087938
2023-06-06 20:00:00,5.91391
2023-06-06 21:00:00,0.0
2023-06-06 22:00:00,0.018751999999999998
2023-06-06 23:00:00,0.0
2023-06-07 00:00:00,0.002344
2023-06-07 01:00:00,0.0
2023-06-07 02:00:00,0.002344
2023-06-07 03:00:00,0.0
2023-06-07 04:00:00,0.0
2023-06-07 05:00:00,0.007032
2023-06-07 06:00:00,8.539184
2023-06-07 07:00:00,10.344048
2023-06-07 08:00:00,49.922520000000006
2023-06-07 09:00:00,7.254291333333334
2023-06-07 10:00:00,37.650412
2023-06-07 11:00:00,8.851356
2023-06-07 12:00:00,62.37443806666666
2023-06-07 13:00:00,50.18752833333333
2023-06-07 14:00:00,62.339823
2023-06-07 15:00:00,0.0
2023-06-07 16:00:00,84.604304
2023-06-07 17:00:00,43.678671333333334
2023-06-07 18:00:00,43.483542
2023-06-07 19:00:00,22.200012
2023-06-07 20:00:00,11.986038
2023-06-07 21:00:00,0.016408
2023-06-07 22:00:00,0.0
2023-06-07 23:00:00,0.0
2023-06-08 00:00:00,0.0
2023-06-08 01:00:00,0.0
2023-06-08 02:00:00,0.0
2023-06-08 03:00:00,0.003906666666666667
2023-06-08 04:00:00,0.0
2023-06-08 05:00:00,0.002344
2023-06-08 06:00:00,1.2180986666666667
2023-06-08 07:00:00,9.313879
2023-06-08 08:00:00,0.9094720000000001
2023-06-08 09:00:00,37.659812
2023-06-08 10:00:00,70.8615
2023-06-08 11:00:00,12.807984666666666
2023-06-08 12:00:00,62.48188546666667
2023-06-08 13:00:00,62.26484563333334
2023-06-08 14:00:00,30.3020399
2023-06-08 15:00:00,38.071310000000004
2023-06-08 16:00:00,8.150084
2023-06-08 17:00:00,17.21318
2023-06-08 18:00:00,14.348773
2023-06-08 19:00:00,10.773042
2023-06-08 20:00:00,0.841496
2023-06-08 21:00:00,0.10548
2023-06-08 22:00:00,0.0
2023-06-08 23:00:00,0.0
2023-06-09 00:00:00,0.0
2023-06-09 01:00:00,0.0
2023-06-09 02:00:00,0.017189333333333334
2023-06-09 03:00:00,0.0
2023-06-09 04:00:00,0.056256
2023-06-09 05:00:00,0.002344
2023-06-09 06:00:00,18.539858000000002
2023-06-09 07:00:00,24.559248
2023-06-09 08:00:00,8.412612
2023-06-09 09:00:00,0.0
2023-06-09 10:00:00,85.4293619
2023-06-09 11:00:00,23.981462
2023-06-09 12:00:00,107.64459
2023-06-09 13:00:00,33.018701166666666
2023-06-09 14:00:00,49.22579700000001
2023-06-09 15:00:00,47.538643
2023-06-09 16:00:00,54.173672
2023-06-09 17:00:00,13.240472666666667
2023-06-09 18:00:00,11.344568333333333
2023-06-09 19:00:00,42.378308
2023-06-09 20:00:00,5.4076
2023-06-09 21:00:00,0.0
2023-06-09 22:00:00,0.010548000000000002
2023-06-09 23:00:00,0.0
2023-06-10 00:00:00,0.0
2023-06-10 01:00:00,0.0
2023-06-10 02:00:00,0.0
2023-06-10 03:00:00,0.0
2023-06-10 04:00:00,0.0
2023-06-10 05:00:00,0.006250666666666667
2023-06-10 06:00:00,0.009376
2023-06-10 07:00:00,18.082357333333334
2023-06-10 08:00:00,19.688603333333333
2023-06-10 09:00:00,0.296516
2023-06-10 10:00:00,465.607605
2023-06-10 11:00:00,1.3501439499999999
2023-06-10 12:00:00,48.438716
2023-06-10 13:00:00,33.352774000000004
2023-06-10 14:00:00,0.002344
2023-06-10 15:00:00,0.166424
2023-06-10 16:00:00,0.016798666666666667
2023-06-10 17:00:00,0.0
2023-06-10 18:00:00,0.0
2023-06-10 19:00:00,0.0
2023-06-10 20:00:00,0.0
2023-06-10 21:00:00,0.0
2023-06-10 22:00:00,0.007032
2023-06-10 23:00:00,0.0
2023-06-11 00:00:00,0.0
2023-06-11 01:00:00,0.0
2023-06-11 02:00:00,0.0
2023-06-11 03:00:00,0.0
2023-06-11 04:00:00,0.0
2023-06-11 05:00:00,0.0
2023-06-11 06:00:00,0.002344
2023-06-11 07:00:00,0.0
2023-06-11 08:00:00,0.0
2023-06-11 09:00:00,0.0
2023-06-11 10:00:00,0.007032
2023-06-11 11:00:00,0.0
2023-06-11 12:00:00,0.0
2023-06-11 13:00:00,0.011720000000000001
2023-06-11 14:00:00,0.007032
2023-06-11 15:00:00,0.002344
2023-06-11 16:00:00,0.002344
2023-06-11 17:00:00,0.0
2023-06-11 18:00:00,0.0
2023-06-11 19:00:00,0.0
2023-06-11 20:00:00,0.0
2023-06-11 21:00:00,0.0
2023-06-11 22:00:00,0.0
2023-06-11 23:00:00,0.0
2023-06-12 00:00:00,0.0
2023-06-12 01:00:00,0.0
2023-06-12 02:00:00,0.0
2023-06-12 03:00:00,0.0
2023-06-12 04:00:00,0.0
2023-06-12 05:00:00,0.004688
2023-06-12 06:00:00,0.002344
2023-06-12 07:00:00,0.021096000000000004
2023-06-12 08:00:00,35.891331
2023-06-12 09:00:00,52.64970366666667
2023-06-12 10:00:00,0.66218
2023-06-12 11:00:00,50.00725466666666
2023-06-12 12:00:00,62.04754
2023-06-12 13:00:00,44.30288733333333
2023-06-12 14:00:00,58.15148766666667
2023-06-12 15:00:00,17.294012
2023-06-12 16:00:00,117.68983933333334
2023-06-12 17:00:00,15.839571999999999
2023-06-12 18:00:00,26.907957
2023-06-12 19:00:00,9.368960000000001
2023-06-12 20:00:00,67.16489999999999
2023-06-12 21:00:00,0.8020386666666668
2023-06-12 22:00:00,0.0
2023-06-12 23:00:00,0.0
2023-06-13 00:00:00,0.0
2023-06-13 01:00:00,0.0
2023-06-13 02:00:00,0.0
2023-06-13 03:00:00,0.0
2023-06-13 04:00:00,0.0
2023-06-13 05:00:00,0.0
2023-06-13 06:00:00,0.772348
2023-06-13 07:00:00,5.428709
2023-06-13 08:00:00,10.230579333333333
2023-06-13 09:00:00,21.955666
2023-06-13 10:00:00,8.790803333333333
2023-06-13 11:00:00,23.899397333333333
2023-06-13 12:00:00,28.006552
2023-06-13 13:00:00,21.922276
2023-06-13 14:00:00,101.67484866666666
2023-06-13 15:00:00,62.79485666666667
2023-06-13 16:00:00,50.377214
2023-06-13 17:00:00,58.50233133333334
2023-06-13 18:00:00,10.635893
2023-06-13 19:00:00,0.631708
2023-06-13 20:00:00,19.534920000000003
2023-06-13 21:00:00,8.789994
2023-06-13 22:00:00,0.018751999999999998
2023-06-13 23:00:00,0.0
2023-06-14 00:00:00,0.0
2023-06-14 01:00:00,0.0
2023-06-14 02:00:00,0.0
2023-06-14 03:00:00,0.0
2023-06-14 04:00:00,0.0
2023-06-14 05:00:00,0.004688
2023-06-14 06:00:00,29.099581999999998
2023-06-14 07:00:00,5.337287
2023-06-14 08:00:00,17.7346879
2023-06-14 09:00:00,50.126999000000005
2023-06-14 10:00:00,19.564187999999998
2023-06-14 11:00:00,32.041289
2023-06-14 12:00:00,63.74588333333333
2023-06-14 13:00:00,51.806314666666665
2023-06-14 14:00:00,28.195969333333334
2023-06-14 15:00:00,37.951456
2023-06-14 16:00:00,69.14991533333334
2023-06-14 17:00:00,49.12750466666667
2023-06-14 18:00:00,27.506287
2023-06-14 19:00:00,1.405228
2023-06-14 20:00:00,0.778208
2023-06-14 21:00:00,0.051567999999999996
2023-06-14 22:00:00,0.0
2023-06-14 23:00:00,0.0
2023-06-15 00:00:00,0.0
2023-06-15 01:00:00,0.0
2023-06-15 02:00:00,0.0
2023-06-15 03:00:00,0.016408000000000002
2023-06-15 04:00:00,0.0
2023-06-15 05:00:00,0.145328
2023-06-15 06:00:00,10.606598
2023-06-15 07:00:00,6.761665333333333
2023-06-15 08:00:00,11.721188
2023-06-15 09:00:00,20.32248
2023-06-15 10:00:00,25.478064
2023-06-15 11:00:00,19.918129999999998
2023-06-15 12:00:00,37.86847433333333
2023-06-15 13:00:00,13.019739
2023-06-15 14:00:00,9.234570166666668
2023-06-15 15:00:00,29.52988333333333
2023-06-15 16:00:00,84.22574
2023-06-15 17:00:00,18.021858
2023-06-15 18:00:00,19.387211999999998
2023-06-15 19:00:00,4.317060499999999
2023-06-15 20:00:00,0.887204
2023-06-15 21:00:00,0.002344
2023-06-15 22:00:00,0.0
2023-06-15 23:00:00,0.0
2023-06-16 00:00:00,0.0
2023-06-16 01:00:00,0.0
2023-06-16 02:00:00,0.0
2023-06-16 03:00:00,0.0
2023-06-16 04:00:00,0.003516
2023-06-16 05:00:00,0.0
2023-06-16 06:00:00,0.004688
2023-06-16 07:00:00,8.913077999999999
2023-06-16 08:00:00,1.0938666666666665
2023-06-16 09:00:00,18.189041333333332
2023-06-16 10:00:00,6.0315026666666665
2023-06-16 11:00:00,33.17537933333333
2023-06-16 12:00:00,19.296183
2023-06-16 13:00:00,56.777596333333335
2023-06-16 14:00:00,22.453155000000002
2023-06-16 15:00:00,18.800038
2023-06-16 16:00:00,14.93364295
2023-06-16 17:00:00,52.20398233333333
2023-06-16 18:00:00,36.4503435
2023-06-16 19:00:00,20.039059333333334
2023-06-16 20:00:00,0.9504920000000001
2023-06-16 21:00:00,0.335192
2023-06-16 22:00:00,0.002344
2023-06-16 23:00:00,0.0
2023-06-17 00:00:00,0.0
2023-06-17 01:00:00,0.0
2023-06-17 02:00:00,0.0
2023-06-17 03:00:00,0.0
2023-06-17 04:00:00,0.004688
2023-06-17 05:00:00,9.26114
2023-06-17 06:00:00,8.143048
2023-06-17 07:00:00,7.139819999999999
2023-06-17 08:00:00,16.712695999999998
2023-06-17 09:00:00,34.023224
2023-06-17 10:00:00,7.565644666666667
2023-06-17 11:00:00,8.232903333333333
2023-06-17 12:00:00,35.333866566666664
2023-06-17 13:00:00,46.098293
2023-06-17 14:00:00,1.064178
2023-06-17 15:00:00,0.009376
2023-06-17 16:00:00,0.0
2023-06-17 17:00:00,0.002344
2023-06-17 18:00:00,0.0
2023-06-17 19:00:00,0.0
2023-06-17 20:00:00,0.002344
2023-06-17 21:00:00,0.002344
2023-06-17 22:00:00,0.0
2023-06-17 23:00:00,0.0
2023-06-18 00:00:00,0.0
2023-06-18 01:00:00,0.0
2023-06-18 02:00:00,0.0
2023-06-18 03:00:00,0.0
2023-06-18 04:00:00,0.0
2023-06-18 05:00:00,0.0
2023-06-18 06:00:00,0.015626666666666667
2023-06-18 07:00:00,0.002344
2023-06-18 08:00:00,0.004688
2023-06-18 09:00:00,0.0
2023-06-18 10:00:00,0.0
2023-06-18 11:00:00,24.521513600000002
2023-06-18 12:00:00,6.546792
2023-06-18 13:00:00,1.172
2023-06-18 14:00:00,0.0
2023-06-18 15:00:00,0.0
2023-06-18 16:00:00,0.0
2023-06-18 17:00:00,0.0
2023-06-18 18:00:00,0.0
2023-06-18 19:00:00,0.0
2023-06-18 20:00:00,0.0
2023-06-18 21:00:00,0.0
2023-06-18 22:00:00,0.0
2023-06-18 23:00:00,0.0
2023-06-19 00:00:00,0.0
2023-06-19 01:00:00,0.0
2023-06-19 02:00:00,0.0
2023-06-19 03:00:00,0.0
2023-06-19 04:00:00,0.0
2023-06-19 05:00:00,0.0
2023-06-19 06:00:00,28.242804
2023-06-19 07:00:00,4.9825626666666665
2023-06-19 08:00:00,27.478253333333335
2023-06-19 09:00:00,59.52857933333334
2023-06-19 10:00:00,66.28279066666667
2023-06-19 11:00:00,67.79075466666667
2023-06-19 12:00:00,24.0369968
2023-06-19 13:00:00,147.93516328333334
2023-06-19 14:00:00,110.92384299999999
2023-06-19 15:00:00,69.750395
2023-06-19 16:00:00,10.929679333333333
2023-06-19 17:00:00,1.200128
2023-06-19 18:00:00,9.608636
2023-06-19 19:00:00,32.286276
2023-06-19 20:00:00,0.017580000000000002
2023-06-19 21:00:00,0.0
2023-06-19 22:00:00,0.0
2023-06-19 23:00:00,0.0
2023-06-20 00:00:00,0.0
2023-06-20 01:00:00,0.0
2023-06-20 02:00:00,0.0
2023-06-20 03:00:00,0.0
2023-06-20 04:00:00,0.0
2023-06-20 05:00:00,0.002344
2023-06-20 06:00:00,6.6464039999999995
2023-06-20 07:00:00,10.823412
2023-06-20 08:00:00,19.704831
2023-06-20 09:00:00,50.4998793
2023-06-20 10:00:00,7.689098333333333
2023-06-20 11:00:00,18.848092
2023-06-20 12:00:00,43.528079
2023-06-20 13:00:00,43.30655733333334
2023-06-20 14:00:00,63.43780966666667
2023-06-20 15:00:00,43.440754999999996
2023-06-20 16:00:00,88.394422
2023-06-20 17:00:00,72.77136333333334
2023-06-20 18:00:00,83.69246000000001
2023-06-20 19:00:00,309.55099
2023-06-20 20:00:00,35.4677272
2023-06-20 21:00:00,0.0
2023-06-20 22:00:00,0.0
2023-06-20 23:00:00,0.0
2023-06-21 00:00:00,0.0
2023-06-21 01:00:00,0.0
2023-06-21 02:00:00,0.0
2023-06-21 03:00:00,0.0
2023-06-21 04:00:00,0.0
2023-06-21 05:00:00,0.0
2023-06-21 06:00:00,6.774158
2023-06-21 07:00:00,24.684664
2023-06-21 08:00:00,36.307794
2023-06-21 09:00:00,21.343289
2023-06-21 10:00:00,21.350702666666667
2023-06-21 11:00:00,36.975366
2023-06-21 12:00:00,37.33094766666667
2023-06-21 13:00:00,38.927973
2023-06-21 14:00:00,32.919128
2023-06-21 15:00:00,77.71331166666667
2023-06-21 16:00:00,34.825916
2023-06-21 17:00:00,21.939059333333333
2023-06-21 18:00:00,12.50171595
2023-06-21 19:00:00,25.989086
2023-06-21 20:00:00,11.452772000000001
2023-06-21 21:00:00,0.0
2023-06-21 22:00:00,0.0
2023-06-21 23:00:00,0.0
2023-06-22 00:00:00,0.0
2023-06-22 01:00:00,0.004688
2023-06-22 02:00:00,0.0
2023-06-22 03:00:00,0.0
2023-06-22 04:00:00,0.0
2023-06-22 05:00:00,0.002344
2023-06-22 06:00:00,21.360467333333332
2023-06-22 07:00:00,17.256518
2023-06-22 08:00:00,12.8849699
2023-06-22 09:00:00,23.3245565
2023-06-22 10:00:00,33.233176
2023-06-22 11:00:00,63.3782059
2023-06-22 12:00:00,63.039447
2023-06-22 13:00:00,32.667172
2023-06-22 14:00:00,26.768426
2023-06-22 15:00:00,198.4245
2023-06-22 16:00:00,178.57401566666667
2023-06-22 17:00:00,27.544252
2023-06-22 18:00:00,84.031226
2023-06-22 19:00:00,9.054865999999999
2023-06-22 20:00:00,0.595376
2023-06-22 21:00:00,155.565385
2023-06-22 22:00:00,296.239607
2023-06-22 23:00:00,255.1744845
2023-06-23 00:00:00,182.26977633333334
2023-06-23 01:00:00,217.94972226666667
2023-06-23 02:00:00,51.43592833333333
2023-06-23 03:00:00,0.0
2023-06-23 04:00:00,0.0
2023-06-23 05:00:00,0.0
2023-06-23 06:00:00,17.61752
2023-06-23 07:00:00,23.870119
2023-06-23 08:00:00,14.179623333333334
2023-06-23 09:00:00,16.893204
2023-06-23 10:00:00,25.958028
2023-06-23 11:00:00,86.940082
2023-06-23 12:00:00,33.78717233333333
2023-06-23 13:00:00,63.373522
2023-06-23 14:00:00,21.672226333333334
2023-06-23 15:00:00,12.441174000000002
2023-06-23 16:00:00,18.059740666666666
2023-06-23 17:00:00,44.037826
2023-06-23 18:00:00,24.0998709
2023-06-23 19:00:00,45.000118
2023-06-23 20:00:00,0.752424
2023-06-23 21:00:00,0.0
2023-06-23 22:00:00,0.004688
2023-06-23 23:00:00,0.0
2023-06-24 00:00:00,0.0
2023-06-24 01:00:00,0.0
2023-06-24 02:00:00,7.85474
2023-06-24 03:00:00,0.0
2023-06-24 04:00:00,0.002344
2023-06-24 05:00:00,0.0
2023-06-24 06:00:00,13.848346000000001
2023-06-24 07:00:00,9.223247333333333
2023-06-24 08:00:00,21.692529999999998
2023-06-24 09:00:00,1.820116
2023-06-24 10:00:00,13.5448009
2023-06-24 11:00:00,7.657844
2023-06-24 12:00:00,6.656378
2023-06-24 13:00:00,25.425362
2023-06-24 14:00:00,0.403168
2023-06-24 15:00:00,0.178144
2023-06-24 16:00:00,0.346912
2023-06-24 17:00:00,0.0
2023-06-24 18:00:00,0.002344
2023-06-24 19:00:00,0.0
2023-06-24 20:00:00,0.0
2023-06-24 21:00:00,0.0
2023-06-24 22:00:00,0.002344
2023-06-24 23:00:00,0.0
2023-06-25 00:00:00,0.0
2023-06-25 01:00:00,0.0
2023-06-25 02:00:00,0.004688
2023-06-25 03:00:00,0.0
2023-06-25 04:00:00,7.927396
2023-06-25 05:00:00,0.0
2023-06-25 06:00:00,0.0
2023-06-25 07:00:00,0.002344
2023-06-25 08:00:00,0.007032
2023-06-25 09:00:00,0.576624
2023-06-25 10:00:00,0.07032
2023-06-25 11:00:00,0.112512
2023-06-25 12:00:00,0.002344
2023-06-25 13:00:00,0.0
2023-06-25 14:00:00,0.004688
2023-06-25 15:00:00,0.002344
2023-06-25 16:00:00,0.0
2023-06-25 17:00:00,0.0
2023-06-25 18:00:00,0.0
2023-06-25 19:00:00,0.002344
2023-06-25 20:00:00,0.002344
2023-06-25 21:00:00,0.0
2023-06-25 22:00:00,0.0
2023-06-25 23:00:00,0.0
2023-06-26 00:00:00,0.0
2023-06-26 01:00:00,0.0
2023-06-26 02:00:00,0.0
2023-06-26 03:00:00,0.0
2023-06-26 04:00:00,0.0
2023-06-26 05:00:00,0.0
2023-06-26 06:00:00,8.344634000000001
2023-06-26 07:00:00,7.547682
2023-06-26 08:00:00,12.796671333333334
2023-06-26 09:00:00,49.888918333333336
2023-06-26 10:00:00,33.4383179
2023-06-26 11:00:00,54.58821195
2023-06-26 12:00:00,38.78222133333333
2023-06-26 13:00:00,45.49157266666666
2023-06-26 14:00:00,72.62019333333333
2023-06-26 15:00:00,31.547113616666664
2023-06-26 16:00:00,38.010678666666664
2023-06-26 17:00:00,54.70713
2023-06-26 18:00:00,16.875228333333332
2023-06-26 19:00:00,36.96170066666667
2023-06-26 20:00:00,16.127890999999998
2023-06-26 21:00:00,0.0
2023-06-26 22:00:00,0.004688
2023-06-26 23:00:00,0.0
2023-06-27 00:00:00,0.0
2023-06-27 01:00:00,0.0
2023-06-27 02:00:00,0.0
2023-06-27 03:00:00,0.893064
2023-06-27 04:00:00,0.0
2023-06-27 05:00:00,8.323540999999999
2023-06-27 06:00:00,9.378344
2023-06-27 07:00:00,0.7032
2023-06-27 08:00:00,39.16940233333334
2023-06-27 09:00:00,20.247435000000003
2023-06-27 10:00:00,48.60008466666667
2023-06-27 11:00:00,47.334728
2023-06-27 12:00:00,55.18519033333333
2023-06-27 13:00:00,75.006828
2023-06-27 14:00:00,60.583434666666676
2023-06-27 15:00:00,75.45647533333334
2023-06-27 16:00:00,13.935859333333333
2023-06-27 17:00:00,34.855289
2023-06-27 18:00:00,59.58441
2023-06-27 19:00:00,24.661212
2023-06-27 20:00:00,10.852714
2023-06-27 21:00:00,0.0
2023-06-27 22:00:00,0.002344
2023-06-27 23:00:00,0.0
2023-06-28 00:00:00,0.0
2023-06-28 01:00:00,0.0
2023-06-28 02:00:00,0.0
2023-06-28 03:00:00,0.0
2023-06-28 04:00:00,0.0
2023-06-28 05:00:00,0.007032
2023-06-28 06:00:00,16.433774
2023-06-28 07:00:00,11.469186333333333
2023-06-28 08:00:00,14.535126
2023-06-28 09:00:00,27.3486115
2023-06-28 10:00:00,19.771221666666666
2023-06-28 11:00:00,34.14527533333334
2023-06-28 12:00:00,45.075137000000005
2023-06-28 13:00:00,13.472134
2023-06-28 14:00:00,38.15171733333333
2023-06-28 15:00:00,76.417916
2023-06-28 16:00:00,315.69734966666664
2023-06-28 17:00:00,247.53641199999998
2023-06-28 18:00:00,22.822746666666667
2023-06-28 19:00:00,32.658986
2023-06-28 20:00:00,1.1825499999999998
2023-06-28 21:00:00,0.0
2023-06-28 22:00:00,1.4907819999999998
2023-06-28 23:00:00,0.0
2023-06-29 00:00:00,0.0
2023-06-29 01:00:00,0.0
2023-06-29 02:00:00,0.0
2023-06-29 03:00:00,1.37124
2023-06-29 04:00:00,0.518024
2023-06-29 05:00:00,1.0841
2023-06-29 06:00:00,23.730598
2023-06-29 07:00:00,17.186981133333333
2023-06-29 08:00:00,42.63032
2023-06-29 09:00:00,30.144043616666668
2023-06-29 10:00:00,39.89758066666666
2023-06-29 11:00:00,63.28519133333333
2023-06-29 12:00:00,70.47936733333333
2023-06-29 13:00:00,35.903026
2023-06-29 14:00:00,87.82381400000001
2023-06-29 15:00:00,34.139194
2023-06-29 16:00:00,51.324228000000005
2023-06-29 17:00:00,0.0
2023-06-29 18:00:00,0.014064
2023-06-29 19:00:00,0.0
2023-06-29 20:00:00,0.0
2023-06-29 21:00:00,0.0
2023-06-29 22:00:00,0.0
2023-06-29 23:00:00,0.0
2023-06-30 00:00:00,0.0
2023-06-30 01:00:00,0.0
2023-06-30 02:00:00,0.0
2023-06-30 03:00:00,0.0
2023-06-30 04:00:00,0.0
2023-06-30 05:00:00,0.0
2023-06-30 06:00:00,0.0
2023-06-30 07:00:00,3827.200728
2023-06-30 08:00:00,22.2738159
2023-06-30 09:00:00,14.834002000000002
2023-06-30 10:00:00,21.04091
2023-06-30 11:00:00,30.850569
2023-06-30 12:00:00,87.87935533333334
2023-06-30 13:00:00,40.930938000000005
2023-06-30 14:00:00,32.32497
2023-06-30 15:00:00,37.62070533333333
2023-06-30 16:00:00,26.812234616666668
2023-06-30 17:00:00,23.536090666666666
2023-06-30 18:00:00,11.717656999999999
2023-06-30 19:00:00,13.039664
2023-06-30 20:00:00,6.654618
2023-06-30 21:00:00,0.0
2023-06-30 22:00:00,5.557626
2023-06-30 23:00:00,0.0
2023-07-01 00:00:00,0.0
2023-07-01 01:00:00,0.0
2023-07-01 02:00:00,0.0
2023-07-01 03:00:00,0.0
2023-07-01 04:00:00,0.391448
2023-07-01 05:00:00,0.0
2023-07-01 06:00:00,5.73577
2023-07-01 07:00:00,8.930642
2023-07-01 08:00:00,23.218478
2023-07-01 09:00:00,6.914018666666666
2023-07-01 10:00:00,17.420211333333334
2023-07-01 11:00:00,45.93969233333333
2023-07-01 12:00:00,27.57477
2023-07-01 13:00:00,17.644466
2023-07-01 14:00:00,0.002344
2023-07-01 15:00:00,8.034056
2023-07-01 16:00:00,17.94566
2023-07-01 17:00:00,0.0
2023-07-01 18:00:00,0.002344
2023-07-01 19:00:00,0.002344
2023-07-01 20:00:00,0.002344
2023-07-01 21:00:00,0.0
2023-07-01 22:00:00,0.007032
2023-07-01 23:00:00,0.0
2023-07-02 00:00:00,0.0
2023-07-02 01:00:00,0.0
2023-07-02 02:00:00,0.0
2023-07-02 03:00:00,0.0
2023-07-02 04:00:00,0.0
2023-07-02 05:00:00,0.002344
2023-07-02 06:00:00,0.0
2023-07-02 07:00:00,0.0
2023-07-02 08:00:00,0.0
2023-07-02 09:00:00,0.0
2023-07-02 10:00:00,8.841562
2023-07-02 11:00:00,0.7371880000000001
2023-07-02 12:00:00,6.024071999999999
2023-07-02 13:00:00,0.0
2023-07-02 14:00:00,8.846248
2023-07-02 15:00:00,0.0
2023-07-02 16:00:00,1.6189266666666668
2023-07-02 17:00:00,0.0
2023-07-02 18:00:00,0.0
2023-07-02 19:00:00,0.6410819999999999
2023-07-02 20:00:00,0.0
2023-07-02 21:00:00,0.0
2023-07-02 22:00:00,0.0
2023-07-02 23:00:00,0.0
2023-07-03 00:00:00,0.0
2023-07-03 01:00:00,0.0
2023-07-03 02:00:00,0.0
2023-07-03 03:00:00,0.909472
2023-07-03 04:00:00,0.759456
2023-07-03 05:00:00,0.002344
2023-07-03 06:00:00,0.021096
2023-07-03 07:00:00,9.413499999999999
2023-07-03 08:00:00,48.35199733333333
2023-07-03 09:00:00,62.73440533333333
2023-07-03 10:00:00,33.045697
2023-07-03 11:00:00,49.01502333333333
2023-07-03 12:00:00,25.88131
2023-07-03 13:00:00,59.60833566666666
2023-07-03 14:00:00,33.05159666666666
2023-07-03 15:00:00,35.9222
2023-07-03 16:00:00,2.0474839
2023-07-03 17:00:00,50.15222195
2023-07-03 18:00:00,65.467906
2023-07-03 19:00:00,61.408077999999996
2023-07-03 20:00:00,8.10320795
2023-07-03 21:00:00,0.16056399999999998
2023-07-03 22:00:00,0.002344
2023-07-03 23:00:00,0.004688
2023-07-04 00:00:00,0.0
2023-07-04 01:00:00,0.0
2023-07-04 02:00:00,0.0
2023-07-04 03:00:00,0.0
2023-07-04 04:00:00,0.0
2023-07-04 05:00:00,0.0
2023-07-04 06:00:00,20.953004
2023-07-04 07:00:00,30.670023999999998
2023-07-04 08:00:00,35.649889
2023-07-04 09:00:00,20.491628333333335
2023-07-04 10:00:00,20.073618333333332
2023-07-04 11:00:00,18.82969866666667
2023-07-04 12:00:00,44.904562
2023-07-04 13:00:00,63.65908066666666
2023-07-04 14:00:00,59.81923966666667
2023-07-04 15:00:00,69.22026828333334
2023-07-04 16:00:00,93.970926
2023-07-04 17:00:00,72.4611835
2023-07-04 18:00:00,48.45166395
2023-07-04 19:00:00,40.061236
2023-07-04 20:00:00,25.993778
2023-07-04 21:00:00,8.604818
2023-07-04 22:00:00,0.0
2023-07-04 23:00:00,0.0
2023-07-05 00:00:00,0.0
2023-07-05 01:00:00,0.36332
2023-07-05 02:00:00,0.0
2023-07-05 03:00:00,0.0
2023-07-05 04:00:00,0.0
2023-07-05 05:00:00,0.33050399999999996
2023-07-05 06:00:00,26.67476
2023-07-05 07:00:00,6.1178360000000005
2023-07-05 08:00:00,29.720748
2023-07-05 09:00:00,29.283571950000002
2023-07-05 10:00:00,36.444554000000004
2023-07-05 11:00:00,37.2438
2023-07-05 12:00:00,41.357534
2023-07-05 13:00:00,25.284714
2023-07-05 14:00:00,28.958212333333332
2023-07-05 15:00:00,37.63414
2023-07-05 16:00:00,57.61393133333333
2023-07-05 17:00:00,12.320642000000001
2023-07-05 18:00:00,31.710839
2023-07-05 19:00:00,25.883233333333333
2023-07-05 20:00:00,9.333805000000002
2023-07-05 21:00:00,0.0
2023-07-05 22:00:00,0.011720000000000001
2023-07-05 23:00:00,0.0
2023-07-06 00:00:00,0.0
2023-07-06 01:00:00,0.0
2023-07-06 02:00:00,0.0
2023-07-06 03:00:00,0.0
2023-07-06 04:00:00,0.002344
2023-07-06 05:00:00,0.004688
2023-07-06 06:00:00,16.379471333333335
2023-07-06 07:00:00,23.880654
2023-07-06 08:00:00,17.8343595
2023-07-06 09:00:00,28.55223
2023-07-06 10:00:00,13.928040000000001
2023-07-06 11:00:00,14.798841949999998
2023-07-06 12:00:00,44.044547333333334
2023-07-06 13:00:00,63.459034
2023-07-06 14:00:00,13.126398
2023-07-06 15:00:00,18.379884
2023-07-06 16:00:00,31.624428666666663
2023-07-06 17:00:00,52.611058899999996
2023-07-06 18:00:00,39.890754
2023-07-06 19:00:00,9.76041195
2023-07-06 20:00:00,0.0
2023-07-06 21:00:00,0.0
2023-07-06 22:00:00,0.0
2023-07-06 23:00:00,0.0
2023-07-07 00:00:00,0.0
2023-07-07 01:00:00,0.0
2023-07-07 02:00:00,0.0
2023-07-07 03:00:00,0.0
2023-07-07 04:00:00,0.0
2023-07-07 05:00:00,0.0
2023-07-07 06:00:00,0.0
2023-07-07 07:00:00,0.0
2023-07-07 08:00:00,0.0
2023-07-07 09:00:00,0.0
2023-07-07 10:00:00,0.0
2023-07-07 11:00:00,0.0
2023-07-07 12:00:00,0.0
2023-07-07 13:00:00,0.0
2023-07-07 14:00:00,0.0
2023-07-07 15:00:00,0.0
2023-07-07 16:00:00,36.316753999999996
2023-07-07 17:00:00,28.905383666666665
2023-07-07 18:00:00,28.569817999999998
2023-07-07 19:00:00,28.671224
2023-07-07 20:00:00,2.2830559999999998
2023-07-07 21:00:00,0.348084
2023-07-07 22:00:00,0.0
2023-07-07 23:00:00,0.0
2023-07-08 00:00:00,0.0
2023-07-08 01:00:00,0.0
2023-07-08 02:00:00,0.595376
2023-07-08 03:00:00,0.0
2023-07-08 04:00:00,1.5482109
2023-07-08 05:00:00,0.253152
2023-07-08 06:00:00,13.925664
2023-07-08 07:00:00,9.279893999999999
2023-07-08 08:00:00,18.197635
2023-07-08 09:00:00,1.7376853333333333
2023-07-08 10:00:00,18.08633
2023-07-08 11:00:00,8.300096
2023-07-08 12:00:00,44.3555009
2023-07-08 13:00:00,5.346665
2023-07-08 14:00:00,0.489896
2023-07-08 15:00:00,18.655920000000002
2023-07-08 16:00:00,0.0
2023-07-08 17:00:00,0.161736
2023-07-08 18:00:00,4.191066
2023-07-08 19:00:00,0.0
2023-07-08 20:00:00,13.8437
2023-07-08 21:00:00,0.302376
2023-07-08 22:00:00,0.0
2023-07-08 23:00:00,0.0
2023-07-09 00:00:00,0.0
2023-07-09 01:00:00,0.0
2023-07-09 02:00:00,0.0
2023-07-09 03:00:00,0.0
2023-07-09 04:00:00,0.0
2023-07-09 05:00:00,0.0
2023-07-09 06:00:00,10.591357
2023-07-09 07:00:00,0.002344
2023-07-09 08:00:00,0.009376
2023-07-09 09:00:00,0.0
2023-07-09 10:00:00,0.005860000000000001
2023-07-09 11:00:00,0.009376
2023-07-09 12:00:00,0.1172
2023-07-09 13:00:00,1.2044246666666667
2023-07-09 14:00:00,26.194148000000002
2023-07-09 15:00:00,11.031689333333333
2023-07-09 16:00:00,0.0
2023-07-09 17:00:00,0.0
2023-07-09 18:00:00,0.002344
2023-07-09 19:00:00,0.0
2023-07-09 20:00:00,0.0
2023-07-09 21:00:00,0.010548000000000002
2023-07-09 22:00:00,0.002344
2023-07-09 23:00:00,0.0
2023-07-10 00:00:00,0.0
2023-07-10 01:00:00,0.0
2023-07-10 02:00:00,0.0
2023-07-10 03:00:00,0.0
2023-07-10 04:00:00,0.0
2023-07-10 05:00:00,0.002344
2023-07-10 06:00:00,0.007032
2023-07-10 07:00:00,8.681004
2023-07-10 08:00:00,9.683850333333332
2023-07-10 09:00:00,12.596252
2023-07-10 10:00:00,11.6402939
2023-07-10 11:00:00,39.680354
2023-07-10 12:00:00,41.841616
2023-07-10 13:00:00,31.700252000000003
2023-07-10 14:00:00,53.435737333333336
2023-07-10 15:00:00,34.50871333333333
2023-07-10 16:00:00,35.28147633333333
2023-07-10 17:00:00,24.744791333333335
2023-07-10 18:00:00,22.089064666666665
2023-07-10 19:00:00,26.700871666666668
2023-07-10 20:00:00,15.798550899999999
2023-07-10 21:00:00,0.0
2023-07-10 22:00:00,0.0
2023-07-10 23:00:00,1.8470739999999999
2023-07-11 00:00:00,0.0
2023-07-11 01:00:00,0.0
2023-07-11 02:00:00,0.0
2023-07-11 03:00:00,0.0
2023-07-11 04:00:00,0.307064
2023-07-11 05:00:00,0.0
2023-07-11 06:00:00,7.843024
2023-07-11 07:00:00,16.84398
2023-07-11 08:00:00,19.019218
2023-07-11 09:00:00,50.713502
2023-07-11 10:00:00,29.23667
2023-07-11 11:00:00,49.528666
2023-07-11 12:00:00,25.938695
2023-07-11 13:00:00,24.573658333333334
2023-07-11 14:00:00,44.370772
2023-07-11 15:00:00,0.0
2023-07-11 16:00:00,103.462934
2023-07-11 17:00:00,54.616378
2023-07-11 18:00:00,19.681424
2023-07-11 19:00:00,29.66218
2023-07-11 20:00:00,1.216535
2023-07-11 21:00:00,0.0
2023-07-11 22:00:00,0.0
2023-07-11 23:00:00,0.0
2023-07-12 00:00:00,0.0
2023-07-12 01:00:00,0.0
2023-07-12 02:00:00,0.0
2023-07-12 03:00:00,0.0
2023-07-12 04:00:00,40.654364
2023-07-12 05:00:00,0.0
2023-07-12 06:00:00,8.641154
2023-07-12 07:00:00,0.7840680000000001
2023-07-12 08:00:00,21.33745
2023-07-12 09:00:00,24.125985333333333
2023-07-12 10:00:00,37.075026
2023-07-12 11:00:00,109.056938
2023-07-12 12:00:00,10.809750166666667
2023-07-12 13:00:00,68.00649800000001
2023-07-12 14:00:00,44.55746333333333
2023-07-12 15:00:00,28.860107333333335
2023-07-12 16:00:00,40.967211
2023-07-12 17:00:00,24.698722
2023-07-12 18:00:00,53.46187666666667
2023-07-12 19:00:00,10.776534
2023-07-12 20:00:00,2.860852
2023-07-12 21:00:00,0.0
2023-07-12 22:00:00,0.0
2023-07-12 23:00:00,0.0
2023-07-13 00:00:00,0.0
2023-07-13 01:00:00,0.321128
2023-07-13 02:00:00,0.0
2023-07-13 03:00:00,0.0
2023-07-13 04:00:00,0.45395466666666673
2023-07-13 05:00:00,13.426428
2023-07-13 06:00:00,5.263449
2023-07-13 07:00:00,9.959652
2023-07-13 08:00:00,4.22272
2023-07-13 09:00:00,19.07897495
2023-07-13 10:00:00,20.663914666666667
2023-07-13 11:00:00,25.078053333333333
2023-07-13 12:00:00,29.492795666666666
2023-07-13 13:00:00,54.16162033333334
2023-07-13 14:00:00,36.06637666666667
2023-07-13 15:00:00,40.6093455
2023-07-13 16:00:00,72.8737079
2023-07-13 17:00:00,4.730972
2023-07-13 18:00:00,7.115212
2023-07-13 19:00:00,1.422808
2023-07-13 20:00:00,1.03722
2023-07-13 21:00:00,0.002344
2023-07-13 22:00:00,0.002344
2023-07-13 23:00:00,0.0
2023-07-14 00:00:00,0.0
2023-07-14 01:00:00,0.0
2023-07-14 02:00:00,0.0
2023-07-14 03:00:00,0.0
2023-07-14 04:00:00,0.0
2023-07-14 05:00:00,0.002344
2023-07-14 06:00:00,8.206336
2023-07-14 07:00:00,52.98138599999999
2023-07-14 08:00:00,0.48755200000000004
2023-07-14 09:00:00,30.897405
2023-07-14 10:00:00,22.316069
2023-07-14 11:00:00,26.211413233333335
2023-07-14 12:00:00,61.54519295
2023-07-14 13:00:00,21.973808000000002
2023-07-14 14:00:00,48.240568333333336
2023-07-14 15:00:00,25.050309000000002
2023-07-14 16:00:00,30.272792000000003
2023-07-14 17:00:00,15.847764000000002
2023-07-14 18:00:00,12.350530000000001
2023-07-14 19:00:00,9.551008666666668
2023-07-14 20:00:00,0.0
2023-07-14 21:00:00,0.084384
2023-07-14 22:00:00,0.0
2023-07-14 23:00:00,0.232056
2023-07-15 00:00:00,8.69155
2023-07-15 01:00:00,0.0
2023-07-15 02:00:00,0.0
2023-07-15 03:00:00,0.0
2023-07-15 04:00:00,0.403168
2023-07-15 05:00:00,0.0
2023-07-15 06:00:00,3.691794
2023-07-15 07:00:00,0.6235040000000001
2023-07-15 08:00:00,14.9506145
2023-07-15 09:00:00,47.301936
2023-07-15 10:00:00,20.677978666666668
2023-07-15 11:00:00,7.489078000000001
2023-07-15 12:00:00,21.011605
2023-07-15 13:00:00,6.982776
2023-07-15 14:00:00,9.200198000000002
2023-07-15 15:00:00,0.0
2023-07-15 16:00:00,0.49927199999999994
2023-07-15 17:00:00,2.992118
2023-07-15 18:00:00,0.002344
2023-07-15 19:00:00,0.0
2023-07-15 20:00:00,0.225024
2023-07-15 21:00:00,0.19338
2023-07-15 22:00:00,0.0
2023-07-15 23:00:00,0.0
2023-07-16 00:00:00,0.0
2023-07-16 01:00:00,0.0
2023-07-16 02:00:00,0.0
2023-07-16 03:00:00,0.0
2023-07-16 04:00:00,0.0
2023-07-16 05:00:00,0.0
2023-07-16 06:00:00,0.002344
2023-07-16 07:00:00,0.0
2023-07-16 08:00:00,0.0
2023-07-16 09:00:00,3.29801
2023-07-16 10:00:00,0.0
2023-07-16 11:00:00,1.3103
2023-07-16 12:00:00,31.918218
2023-07-16 13:00:00,2.40963
2023-07-16 14:00:00,0.0
2023-07-16 15:00:00,0.0
2023-07-16 16:00:00,0.0
2023-07-16 17:00:00,4.7419080000000005
2023-07-16 18:00:00,0.0
2023-07-16 19:00:00,0.36332
2023-07-16 20:00:00,0.0
2023-07-16 21:00:00,0.0
2023-07-16 22:00:00,0.0
2023-07-16 23:00:00,0.0
2023-07-17 00:00:00,0.0
2023-07-17 01:00:00,0.0
2023-07-17 02:00:00,0.0
2023-07-17 03:00:00,0.0
2023-07-17 04:00:00,0.0
2023-07-17 05:00:00,0.569592
2023-07-17 06:00:00,5.230631
2023-07-17 07:00:00,8.894308
2023-07-17 08:00:00,24.859282
2023-07-17 09:00:00,38.25875
2023-07-17 10:00:00,36.440999000000005
2023-07-17 11:00:00,133.59771533333333
2023-07-17 12:00:00,324.52736366666664
2023-07-17 13:00:00,265.9504455333333
2023-07-17 14:00:00,52.32237933333334
2023-07-17 15:00:00,137.302135
2023-07-17 16:00:00,43.205347333333336
2023-07-17 17:00:00,60.455321999999995
2023-07-17 18:00:00,92.14306161666667
2023-07-17 19:00:00,71.78478466666667
2023-07-17 20:00:00,41.81109
2023-07-17 21:00:00,0.253152
2023-07-17 22:00:00,0.0
2023-07-17 23:00:00,0.0
2023-07-18 00:00:00,0.0
2023-07-18 01:00:00,0.0
2023-07-18 02:00:00,0.0
2023-07-18 03:00:00,0.0
2023-07-18 04:00:00,0.0
2023-07-18 05:00:00,0.002344
2023-07-18 06:00:00,13.956166
2023-07-18 07:00:00,36.322614
2023-07-18 08:00:00,24.961238
2023-07-18 09:00:00,101.290058
2023-07-18 10:00:00,28.2967559
2023-07-18 11:00:00,47.06163333333333
2023-07-18 12:00:00,62.22003416666667
2023-07-18 13:00:00,74.26533066666667
2023-07-18 14:00:00,79.993253
2023-07-18 15:00:00,66.82229
2023-07-18 16:00:00,42.7604349
2023-07-18 17:00:00,66.98608766666666
2023-07-18 18:00:00,51.628514333333335
2023-07-18 19:00:00,22.508453233333334
2023-07-18 20:00:00,7.600421
2023-07-18 21:00:00,0.21096
2023-07-18 22:00:00,0.505132
2023-07-18 23:00:00,0.0
2023-07-19 00:00:00,0.0
2023-07-19 01:00:00,0.0
2023-07-19 02:00:00,0.0
2023-07-19 03:00:00,0.0
2023-07-19 04:00:00,0.0
2023-07-19 05:00:00,0.236744
2023-07-19 06:00:00,29.826639000000004
2023-07-19 07:00:00,31.302914
2023-07-19 08:00:00,66.059808
2023-07-19 09:00:00,60.29852966666667
2023-07-19 10:00:00,51.73942666666667
2023-07-19 11:00:00,81.97349506666667
2023-07-19 12:00:00,62.783052
2023-07-19 13:00:00,168.105
2023-07-19 14:00:00,147.6087
2023-07-19 15:00:00,112.85069999999999
2023-07-19 16:00:00,130.699749
2023-07-19 17:00:00,57.40993156190476
2023-07-19 18:00:00,113.77786666666667
2023-07-19 19:00:00,40.5137065
2023-07-19 20:00:00,74.25770933333334
2023-07-19 21:00:00,116.56899166666666
2023-07-19 22:00:00,20.82493877142857
2023-07-19 23:00:00,24.268946666666668
2023-07-20 00:00:00,0.0
2023-07-20 01:00:00,0.0
2023-07-20 02:00:00,0.0
2023-07-20 03:00:00,0.0
2023-07-20 04:00:00,0.0
2023-07-20 05:00:00,0.0
2023-07-20 06:00:00,559.098564
2023-07-20 07:00:00,3.4355213333333334
2023-07-20 08:00:00,24.908047333333332
2023-07-20 09:00:00,30.798355
2023-07-20 10:00:00,40.181216666666664
2023-07-20 11:00:00,79.84947933333333
2023-07-20 12:00:00,59.143758
2023-07-20 13:00:00,25.641602
2023-07-20 14:00:00,107.00054899999999
2023-07-20 15:00:00,98.317844
2023-07-20 16:00:00,69.73597123333333
2023-07-20 17:00:00,0.0
2023-07-20 18:00:00,180.593
2023-07-20 19:00:00,116.394899
2023-07-20 20:00:00,62.683246
2023-07-20 21:00:00,14.582014000000001
2023-07-20 22:00:00,0.0
2023-07-20 23:00:00,0.028128
2023-07-21 00:00:00,0.0
2023-07-21 01:00:00,0.0
2023-07-21 02:00:00,0.0
2023-07-21 03:00:00,0.0
2023-07-21 04:00:00,0.0
2023-07-21 05:00:00,0.229712
2023-07-21 06:00:00,31.7459
2023-07-21 07:00:00,46.475642
2023-07-21 08:00:00,25.646670666666665
2023-07-21 09:00:00,83.138148
2023-07-21 10:00:00,36.619125
2023-07-21 11:00:00,109.873
2023-07-21 12:00:00,75.320487
2023-07-21 13:00:00,67.936077
2023-07-21 14:00:00,50.60181733333334
2023-07-21 15:00:00,66.55819866666667
2023-07-21 16:00:00,45.40136266666667
2023-07-21 17:00:00,44.455069
2023-07-21 18:00:00,46.751841999999996
2023-07-21 19:00:00,33.20974
2023-07-21 20:00:00,7.077114666666667
2023-07-21 21:00:00,9.209566
2023-07-21 22:00:00,0.004688
2023-07-21 23:00:00,0.0
2023-07-22 00:00:00,0.0
2023-07-22 01:00:00,0.0
2023-07-22 02:00:00,0.0
2023-07-22 03:00:00,0.0
2023-07-22 04:00:00,0.0
2023-07-22 05:00:00,0.002344
2023-07-22 06:00:00,11.499656
2023-07-22 07:00:00,9.490865999999999
2023-07-22 08:00:00,3.458180333333333
2023-07-22 09:00:00,14.582048
2023-07-22 10:00:00,2.229144
2023-07-22 11:00:00,46.434632
2023-07-22 12:00:00,28.466712
2023-07-22 13:00:00,0.812196
2023-07-22 14:00:00,11.118762
2023-07-22 15:00:00,0.0
2023-07-22 16:00:00,0.370938
2023-07-22 17:00:00,1.7802650000000002
2023-07-22 18:00:00,0.651632
2023-07-22 19:00:00,4.30358
2023-07-22 20:00:00,0.1758
2023-07-22 21:00:00,0.0
2023-07-22 22:00:00,0.0
2023-07-22 23:00:00,9.0994
2023-07-23 00:00:00,0.0
2023-07-23 01:00:00,1.6408
2023-07-23 02:00:00,0.0
2023-07-23 03:00:00,0.0
2023-07-23 04:00:00,26.19496266666667
2023-07-23 05:00:00,0.0
2023-07-23 06:00:00,0.0
2023-07-23 07:00:00,48.945
2023-07-23 08:00:00,0.0
2023-07-23 09:00:00,38.2189
2023-07-23 10:00:00,0.466456
2023-07-23 11:00:00,0.0
2023-07-23 12:00:00,16.314239999999998
2023-07-23 13:00:00,0.0
2023-07-23 14:00:00,8.07977
2023-07-23 15:00:00,0.731328
2023-07-23 16:00:00,0.0
2023-07-23 17:00:00,0.0
2023-07-23 18:00:00,0.0
2023-07-23 19:00:00,0.0
2023-07-23 20:00:00,0.274248
2023-07-23 21:00:00,0.0
2023-07-23 22:00:00,0.0
2023-07-23 23:00:00,0.0
2023-07-24 00:00:00,0.0
2023-07-24 01:00:00,0.0
2023-07-24 02:00:00,0.0
2023-07-24 03:00:00,0.0
2023-07-24 04:00:00,0.0
2023-07-24 05:00:00,3.81134
2023-07-24 06:00:00,47.58690966666667
2023-07-24 07:00:00,17.785891333333332
2023-07-24 08:00:00,57.0071775
2023-07-24 09:00:00,58.09788066666667
2023-07-24 10:00:00,38.186706666666666
2023-07-24 11:00:00,66.24139766666667
2023-07-24 12:00:00,47.12802466666667
2023-07-24 13:00:00,54.718947
2023-07-24 14:00:00,75.61152200000001
2023-07-24 15:00:00,62.603039
2023-07-24 16:00:00,57.89639866666667
2023-07-24 17:00:00,39.24243666666666
2023-07-24 18:00:00,85.82544395
2023-07-24 19:00:00,77.97856433333334
2023-07-24 20:00:00,43.729636
2023-07-24 21:00:00,0.002344
2023-07-24 22:00:00,0.0
2023-07-24 23:00:00,0.0
2023-07-25 00:00:00,0.007032
2023-07-25 01:00:00,0.0
2023-07-25 02:00:00,0.0
2023-07-25 03:00:00,0.0
2023-07-25 04:00:00,0.0
2023-07-25 05:00:00,0.002344
2023-07-25 06:00:00,23.30524
2023-07-25 07:00:00,78.89198400000001
2023-07-25 08:00:00,31.059943333333333
2023-07-25 09:00:00,94.772116
2023-07-25 10:00:00,18.568176333333334
2023-07-25 11:00:00,114.464419
2023-07-25 12:00:00,26.925112666666667
2023-07-25 13:00:00,55.441066283333335
2023-07-25 14:00:00,56.451673
2023-07-25 15:00:00,72.35021556666666
2023-07-25 16:00:00,45.349332
2023-07-25 17:00:00,54.04168833333333
2023-07-25 18:00:00,29.130446666666668
2023-07-25 19:00:00,28.074474066666667
2023-07-25 20:00:00,1.6189226666666667
2023-07-25 21:00:00,0.002344
2023-07-25 22:00:00,0.0
2023-07-25 23:00:00,0.0
2023-07-26 00:00:00,0.007032
2023-07-26 01:00:00,0.0
2023-07-26 02:00:00,0.0
2023-07-26 03:00:00,0.0
2023-07-26 04:00:00,0.0
2023-07-26 05:00:00,0.002344
2023-07-26 06:00:00,25.72542
2023-07-26 07:00:00,52.4106829
2023-07-26 08:00:00,45.945162
2023-07-26 09:00:00,65.635438
2023-07-26 10:00:00,78.625348
2023-07-26 11:00:00,56.86030233333334
2023-07-26 12:00:00,38.228287949999995
2023-07-26 13:00:00,40.41522666666667
2023-07-26 14:00:00,26.777856
2023-07-26 15:00:00,62.19959933333333
2023-07-26 16:00:00,32.04834
2023-07-26 17:00:00,25.488643999999997
2023-07-26 18:00:00,77.392355
2023-07-26 19:00:00,33.23834466666666
2023-07-26 20:00:00,16.757236
2023-07-26 21:00:00,0.002344
2023-07-26 22:00:00,0.0
2023-07-26 23:00:00,0.0
2023-07-27 00:00:00,0.0
2023-07-27 01:00:00,0.0
2023-07-27 02:00:00,0.0
2023-07-27 03:00:00,0.0
2023-07-27 04:00:00,0.0
2023-07-27 05:00:00,0.002344
2023-07-27 06:00:00,7.66956
2023-07-27 07:00:00,24.357647
2023-07-27 08:00:00,13.992881333333333
2023-07-27 09:00:00,38.453304
2023-07-27 10:00:00,13.644425333333333
2023-07-27 11:00:00,27.893545966666665
2023-07-27 12:00:00,229.56958933333334
2023-07-27 13:00:00,26.633684
2023-07-27 14:00:00,13.560031333333333
2023-07-27 15:00:00,40.124520000000004
2023-07-27 16:00:00,53.460727999999996
2023-07-27 17:00:00,42.74941833333334
2023-07-27 18:00:00,66.314079
2023-07-27 19:00:00,1.82480395
2023-07-27 20:00:00,6.35808
2023-07-27 21:00:00,0.014064
2023-07-27 22:00:00,0.019924
2023-07-27 23:00:00,0.0
2023-07-28 00:00:00,0.0
2023-07-28 01:00:00,0.0
2023-07-28 02:00:00,0.0
2023-07-28 03:00:00,0.0
2023-07-28 04:00:00,0.0
2023-07-28 05:00:00,0.002344
2023-07-28 06:00:00,32.315512
2023-07-28 07:00:00,17.253410666666667
2023-07-28 08:00:00,26.180108
2023-07-28 09:00:00,23.389202
2023-07-28 10:00:00,45.79395133333333
2023-07-28 11:00:00,64.72097033333333
2023-07-28 12:00:00,115.70076066666667
2023-07-28 13:00:00,36.708217
2023-07-28 14:00:00,40.3039219
2023-07-28 15:00:00,42.182623
2023-07-28 16:00:00,58.54136795
2023-07-28 17:00:00,39.4424975
2023-07-28 18:00:00,26.514166
2023-07-28 19:00:00,33.914069999999995
2023-07-28 20:00:00,24.703432
2023-07-28 21:00:00,0.588344
2023-07-28 22:00:00,0.0
2023-07-28 23:00:00,0.0
2023-07-29 00:00:00,0.0
2023-07-29 01:00:00,0.0
2023-07-29 02:00:00,0.0
2023-07-29 03:00:00,0.0
2023-07-29 04:00:00,0.0
2023-07-29 05:00:00,0.015236000000000001
2023-07-29 06:00:00,0.011720000000000001
2023-07-29 07:00:00,0.262528
2023-07-29 08:00:00,19.411834
2023-07-29 09:00:00,17.11822
2023-07-29 10:00:00,14.360119333333333
2023-07-29 11:00:00,28.244791333333335
2023-07-29 12:00:00,11.302765999999998
2023-07-29 13:00:00,0.40551200000000004
2023-07-29 14:00:00,8.881407999999999
2023-07-29 15:00:00,0.227368
2023-07-29 16:00:00,0.002344
2023-07-29 17:00:00,0.007032
2023-07-29 18:00:00,0.002344
2023-07-29 19:00:00,0.0
2023-07-29 20:00:00,0.0
2023-07-29 21:00:00,0.0
2023-07-29 22:00:00,0.0
2023-07-29 23:00:00,0.0
2023-07-30 00:00:00,0.0
2023-07-30 01:00:00,0.0
2023-07-30 02:00:00,0.0
2023-07-30 03:00:00,0.0
2023-07-30 04:00:00,0.0
2023-07-30 05:00:00,0.0
2023-07-30 06:00:00,0.002344
2023-07-30 07:00:00,0.004688
2023-07-30 08:00:00,0.0
2023-07-30 09:00:00,0.0
2023-07-30 10:00:00,0.0
2023-07-30 11:00:00,0.0
2023-07-30 12:00:00,0.0
2023-07-30 13:00:00,0.0
2023-07-30 14:00:00,0.0
2023-07-30 15:00:00,0.0
2023-07-30 16:00:00,0.0
2023-07-30 17:00:00,0.0
2023-07-30 18:00:00,0.0
2023-07-30 19:00:00,0.002344
2023-07-30 20:00:00,0.004688
2023-07-30 21:00:00,0.0
2023-07-30 22:00:00,0.0
2023-07-30 23:00:00,0.0
2023-07-31 00:00:00,0.0
2023-07-31 01:00:00,0.0
2023-07-31 02:00:00,0.0
2023-07-31 03:00:00,0.0
2023-07-31 04:00:00,0.0
2023-07-31 05:00:00,0.007032
2023-07-31 06:00:00,35.29903433333333
2023-07-31 07:00:00,0.002344
2023-07-31 08:00:00,0.004688
2023-07-31 09:00:00,8.300104
2023-07-31 10:00:00,0.002344
2023-07-31 11:00:00,0.002344
2023-07-31 12:00:00,0.004688
2023-07-31 13:00:00,0.007032
2023-07-31 14:00:00,0.002344
2023-07-31 15:00:00,0.005860000000000001
2023-07-31 16:00:00,0.0
2023-07-31 17:00:00,0.0
2023-07-31 18:00:00,0.010548
2023-07-31 19:00:00,0.002344
2023-07-31 20:00:00,0.0
2023-07-31 21:00:00,0.0
2023-07-31 22:00:00,0.002344
2023-07-31 23:00:00,0.0
2023-08-01 00:00:00,0.0
2023-08-01 01:00:00,0.0
2023-08-01 02:00:00,0.0
2023-08-01 03:00:00,0.0
2023-08-01 04:00:00,0.002344
2023-08-01 05:00:00,0.0
2023-08-01 06:00:00,0.007032
2023-08-01 07:00:00,0.0
2023-08-01 08:00:00,18.098018
2023-08-01 09:00:00,5.349004
2023-08-01 10:00:00,0.002344
2023-08-01 11:00:00,0.004688
2023-08-01 12:00:00,0.002344
2023-08-01 13:00:00,0.002344
2023-08-01 14:00:00,0.0
2023-08-01 15:00:00,0.0
2023-08-01 16:00:00,0.0
2023-08-01 17:00:00,0.002344
2023-08-01 18:00:00,0.0
2023-08-01 19:00:00,0.0
2023-08-01 20:00:00,0.0
2023-08-01 21:00:00,0.206272
2023-08-01 22:00:00,0.0
2023-08-01 23:00:00,0.0
2023-08-02 00:00:00,0.0
2023-08-02 01:00:00,0.0
2023-08-02 02:00:00,0.0
2023-08-02 03:00:00,0.0
2023-08-02 04:00:00,0.0
2023-08-02 05:00:00,0.0
2023-08-02 06:00:00,0.021096000000000004
2023-08-02 07:00:00,0.0
2023-08-02 08:00:00,0.009376
2023-08-02 09:00:00,12.252078
2023-08-02 10:00:00,0.009376
2023-08-02 11:00:00,0.004688
2023-08-02 12:00:00,0.0
2023-08-02 13:00:00,0.002344
2023-08-02 14:00:00,0.007032
2023-08-02 15:00:00,0.002344
2023-08-02 16:00:00,0.002344
2023-08-02 17:00:00,0.0
2023-08-02 18:00:00,0.0
2023-08-02 19:00:00,0.0
2023-08-02 20:00:00,0.007032
2023-08-02 21:00:00,0.0
2023-08-02 22:00:00,0.0
2023-08-02 23:00:00,0.0
2023-08-03 00:00:00,0.0
2023-08-03 01:00:00,0.0
2023-08-03 02:00:00,0.0
2023-08-03 03:00:00,0.0
2023-08-03 04:00:00,0.0
2023-08-03 05:00:00,0.002344
2023-08-03 06:00:00,0.002344
2023-08-03 07:00:00,0.0
2023-08-03 08:00:00,0.0
2023-08-03 09:00:00,0.007032
2023-08-03 10:00:00,0.002344
2023-08-03 11:00:00,0.016408
2023-08-03 12:00:00,6.4835
2023-08-03 13:00:00,0.0
2023-08-03 14:00:00,0.0
2023-08-03 15:00:00,0.0
2023-08-03 16:00:00,8.825166
2023-08-03 17:00:00,0.0
2023-08-03 18:00:00,0.0
2023-08-03 19:00:00,0.0
2023-08-03 20:00:00,0.0
2023-08-03 21:00:00,0.002344
2023-08-03 22:00:00,0.0
2023-08-03 23:00:00,0.0
2023-08-04 00:00:00,0.0
2023-08-04 01:00:00,0.0
2023-08-04 02:00:00,0.0
2023-08-04 03:00:00,0.0
2023-08-04 04:00:00,0.0
2023-08-04 05:00:00,0.0
2023-08-04 06:00:00,0.030472000000000003
2023-08-04 07:00:00,14.17416
2023-08-04 08:00:00,0.009376
2023-08-04 09:00:00,0.0
2023-08-04 10:00:00,0.002344
2023-08-04 11:00:00,0.0
2023-08-04 12:00:00,0.0
2023-08-04 13:00:00,0.016408000000000002
2023-08-04 14:00:00,0.007032
2023-08-04 15:00:00,0.0
2023-08-04 16:00:00,0.002344
2023-08-04 17:00:00,0.004688
2023-08-04 18:00:00,0.0
2023-08-04 19:00:00,0.0
2023-08-04 20:00:00,0.002344
2023-08-04 21:00:00,0.0
2023-08-04 22:00:00,0.0
2023-08-04 23:00:00,0.0
2023-08-05 00:00:00,0.0
2023-08-05 01:00:00,0.0
2023-08-05 02:00:00,0.0
2023-08-05 03:00:00,0.0
2023-08-05 04:00:00,0.0
2023-08-05 05:00:00,0.003516
2023-08-05 06:00:00,0.0
2023-08-05 07:00:00,0.002344
2023-08-05 08:00:00,12.273183
2023-08-05 09:00:00,0.002344
2023-08-05 10:00:00,0.004688
2023-08-05 11:00:00,0.007032
2023-08-05 12:00:00,0.0
2023-08-05 13:00:00,0.004688
2023-08-05 14:00:00,0.0
2023-08-05 15:00:00,0.0
2023-08-05 16:00:00,0.0
2023-08-05 17:00:00,0.0
2023-08-05 18:00:00,0.0
2023-08-05 19:00:00,0.0
2023-08-05 20:00:00,0.0
2023-08-05 21:00:00,0.0
2023-08-05 22:00:00,0.0
2023-08-05 23:00:00,0.0
2023-08-06 00:00:00,0.0
2023-08-06 01:00:00,0.0
2023-08-06 02:00:00,0.0
2023-08-06 03:00:00,0.0
2023-08-06 04:00:00,0.0
2023-08-06 05:00:00,0.0
2023-08-06 06:00:00,0.009376
2023-08-06 07:00:00,0.002344
2023-08-06 08:00:00,0.0
2023-08-06 09:00:00,0.0
2023-08-06 10:00:00,0.0
2023-08-06 11:00:00,0.0
2023-08-06 12:00:00,0.002344
2023-08-06 13:00:00,0.0
2023-08-06 14:00:00,0.009376
2023-08-06 15:00:00,0.002344
2023-08-06 16:00:00,0.0
2023-08-06 17:00:00,0.0
2023-08-06 18:00:00,0.002344
2023-08-06 19:00:00,0.002344
2023-08-06 20:00:00,0.0
2023-08-06 21:00:00,0.002344
2023-08-06 22:00:00,0.0
2023-08-06 23:00:00,0.0
2023-08-07 00:00:00,0.0
2023-08-07 01:00:00,0.0
2023-08-07 02:00:00,0.0
2023-08-07 03:00:00,0.0
2023-08-07 04:00:00,0.0
2023-08-07 05:00:00,0.002344
2023-08-07 06:00:00,0.014064
2023-08-07 07:00:00,0.002344
2023-08-07 08:00:00,0.0
2023-08-07 09:00:00,0.0
2023-08-07 10:00:00,0.0
2023-08-07 11:00:00,0.009376
2023-08-07 12:00:00,0.0
2023-08-07 13:00:00,0.0
2023-08-07 14:00:00,0.01172
2023-08-07 15:00:00,0.0
2023-08-07 16:00:00,0.0
2023-08-07 17:00:00,0.0
2023-08-07 18:00:00,0.0
2023-08-07 19:00:00,0.0
2023-08-07 20:00:00,0.0
2023-08-07 21:00:00,0.0
2023-08-07 22:00:00,0.0
2023-08-07 23:00:00,0.0
2023-08-08 00:00:00,0.0
2023-08-08 01:00:00,0.0
2023-08-08 02:00:00,0.0
2023-08-08 03:00:00,0.0
2023-08-08 04:00:00,0.0
2023-08-08 05:00:00,0.0
2023-08-08 06:00:00,0.009376
2023-08-08 07:00:00,0.0
2023-08-08 08:00:00,0.004688
2023-08-08 09:00:00,0.004688
2023-08-08 10:00:00,0.0
2023-08-08 11:00:00,0.0
2023-08-08 12:00:00,0.004688
2023-08-08 13:00:00,0.0
2023-08-08 14:00:00,0.0
2023-08-08 15:00:00,0.002344
2023-08-08 16:00:00,0.0
2023-08-08 17:00:00,0.0
2023-08-08 18:00:00,0.0
2023-08-08 19:00:00,0.0
2023-08-08 20:00:00,0.0
2023-08-08 21:00:00,0.0
2023-08-08 22:00:00,0.0
2023-08-08 23:00:00,0.0
2023-08-09 00:00:00,0.0
2023-08-09 01:00:00,0.0
2023-08-09 02:00:00,0.0
2023-08-09 03:00:00,0.0
2023-08-09 04:00:00,0.0
2023-08-09 05:00:00,0.004688
2023-08-09 06:00:00,0.0
2023-08-09 07:00:00,0.0
2023-08-09 08:00:00,0.004688
2023-08-09 09:00:00,0.004688
2023-08-09 10:00:00,0.0
2023-08-09 11:00:00,0.005860000000000001
2023-08-09 12:00:00,0.0
2023-08-09 13:00:00,0.014064000000000002
2023-08-09 14:00:00,0.0
2023-08-09 15:00:00,0.813368
2023-08-09 16:00:00,0.0
2023-08-09 17:00:00,0.0
2023-08-09 18:00:00,0.0
2023-08-09 19:00:00,0.0
2023-08-09 20:00:00,0.0
2023-08-09 21:00:00,0.0
2023-08-09 22:00:00,0.0
2023-08-09 23:00:00,0.0
2023-08-10 00:00:00,0.0
2023-08-10 01:00:00,0.0
2023-08-10 02:00:00,0.0
2023-08-10 03:00:00,0.0
2023-08-10 04:00:00,0.0
2023-08-10 05:00:00,0.0
2023-08-10 06:00:00,0.024612000000000002
2023-08-10 07:00:00,0.0
2023-08-10 08:00:00,0.009376
2023-08-10 09:00:00,0.0
2023-08-10 10:00:00,0.0
2023-08-10 11:00:00,0.002344
2023-08-10 12:00:00,0.133608
2023-08-10 13:00:00,0.002344
2023-08-10 14:00:00,0.0
2023-08-10 15:00:00,0.018752
2023-08-10 16:00:00,0.0
2023-08-10 17:00:00,0.0
2023-08-10 18:00:00,0.0
2023-08-10 19:00:00,0.0
2023-08-10 20:00:00,0.002344
2023-08-10 21:00:00,0.0
2023-08-10 22:00:00,0.0
2023-08-10 23:00:00,0.0
2023-08-11 00:00:00,0.0
2023-08-11 01:00:00,0.0
2023-08-11 02:00:00,0.0
2023-08-11 03:00:00,0.0
2023-08-11 04:00:00,0.0
2023-08-11 05:00:00,0.0
2023-08-11 06:00:00,0.002344
2023-08-11 07:00:00,0.009376
2023-08-11 08:00:00,0.01172
2023-08-11 09:00:00,0.004688
2023-08-11 10:00:00,0.0
2023-08-11 11:00:00,0.005860000000000001
2023-08-11 12:00:00,0.36332
2023-08-11 13:00:00,0.0
2023-08-11 14:00:00,1.823632
2023-08-11 15:00:00,0.0
2023-08-11 16:00:00,0.0
2023-08-11 17:00:00,0.0
2023-08-11 18:00:00,0.0
2023-08-11 19:00:00,0.0
2023-08-11 20:00:00,0.002344
2023-08-11 21:00:00,0.0
2023-08-11 22:00:00,0.0
2023-08-11 23:00:00,0.0
2023-08-12 00:00:00,0.0
2023-08-12 01:00:00,0.0
2023-08-12 02:00:00,0.0
2023-08-12 03:00:00,0.0
2023-08-12 04:00:00,0.0
2023-08-12 05:00:00,0.0
2023-08-12 06:00:00,0.011720000000000001
2023-08-12 07:00:00,0.002344
2023-08-12 08:00:00,0.271904
2023-08-12 09:00:00,0.372696
2023-08-12 10:00:00,0.22814933333333332
2023-08-12 11:00:00,6.120178
2023-08-12 12:00:00,0.0
2023-08-12 13:00:00,31.227951
2023-08-12 14:00:00,1.197784
2023-08-12 15:00:00,0.0
2023-08-12 16:00:00,0.625848
2023-08-12 17:00:00,0.0
2023-08-12 18:00:00,0.0
2023-08-12 19:00:00,0.180488
2023-08-12 20:00:00,0.0
2023-08-12 21:00:00,0.002344
2023-08-12 22:00:00,0.0
2023-08-12 23:00:00,0.0
2023-08-13 00:00:00,0.0
2023-08-13 01:00:00,0.0
2023-08-13 02:00:00,0.0
2023-08-13 03:00:00,0.0
2023-08-13 04:00:00,0.0
2023-08-13 05:00:00,0.0
2023-08-13 06:00:00,0.0
2023-08-13 07:00:00,0.046880000000000005
2023-08-13 08:00:00,0.0
2023-08-13 09:00:00,0.0
2023-08-13 10:00:00,0.01172
2023-08-13 11:00:00,0.016408
2023-08-13 12:00:00,0.0
2023-08-13 13:00:00,0.0
2023-08-13 14:00:00,0.0
2023-08-13 15:00:00,0.0
2023-08-13 16:00:00,0.0
2023-08-13 17:00:00,0.0
2023-08-13 18:00:00,0.003516
2023-08-13 19:00:00,0.0
2023-08-13 20:00:00,0.0
2023-08-13 21:00:00,0.0
2023-08-13 22:00:00,0.0
2023-08-13 23:00:00,0.0
2023-08-14 00:00:00,0.0
2023-08-14 01:00:00,0.0
2023-08-14 02:00:00,0.0
2023-08-14 03:00:00,0.0
2023-08-14 04:00:00,0.0
2023-08-14 05:00:00,0.007032
2023-08-14 06:00:00,0.007032
2023-08-14 07:00:00,8.719676
2023-08-14 08:00:00,23.0102519
2023-08-14 09:00:00,30.939629
2023-08-14 10:00:00,23.45993095
2023-08-14 11:00:00,20.87098
2023-08-14 12:00:00,31.84320195
2023-08-14 13:00:00,38.229464
2023-08-14 14:00:00,53.907292
2023-08-14 15:00:00,8.963454
2023-08-14 16:00:00,15.293426
2023-08-14 17:00:00,48.000374
2023-08-14 18:00:00,33.630532
2023-08-14 19:00:00,25.99846
2023-08-14 20:00:00,16.279854666666665
2023-08-14 21:00:00,0.7282026666666667
2023-08-14 22:00:00,0.002344
2023-08-14 23:00:00,0.0
2023-08-15 00:00:00,0.004688
2023-08-15 01:00:00,0.0
2023-08-15 02:00:00,0.0
2023-08-15 03:00:00,0.0
2023-08-15 04:00:00,0.0
2023-08-15 05:00:00,0.002344
2023-08-15 06:00:00,7.599244
2023-08-15 07:00:00,25.458190000000002
2023-08-15 08:00:00,23.591205
2023-08-15 09:00:00,13.831938000000001
2023-08-15 10:00:00,19.377846
2023-08-15 11:00:00,31.383799999999997
2023-08-15 12:00:00,73.98394033333334
2023-08-15 13:00:00,17.030321666666666
2023-08-15 14:00:00,85.676704
2023-08-15 15:00:00,156.98584400000001
2023-08-15 16:00:00,16.929531
2023-08-15 17:00:00,18.907875
2023-08-15 18:00:00,10.044032
2023-08-15 19:00:00,5.944382999999999
2023-08-15 20:00:00,0.236744
2023-08-15 21:00:00,8.466522000000001
2023-08-15 22:00:00,0.0
2023-08-15 23:00:00,0.0
2023-08-16 00:00:00,0.0
2023-08-16 01:00:00,0.0
2023-08-16 02:00:00,0.0
2023-08-16 03:00:00,0.0
2023-08-16 04:00:00,0.0
2023-08-16 05:00:00,0.002344
2023-08-16 06:00:00,14.422622
2023-08-16 07:00:00,1.942002
2023-08-16 08:00:00,14.106184000000002
2023-08-16 09:00:00,68.378027
2023-08-16 10:00:00,18.381638
2023-08-16 11:00:00,19.39655
2023-08-16 12:00:00,43.989822
2023-08-16 13:00:00,23.582983000000002
2023-08-16 14:00:00,13.887811333333334
2023-08-16 15:00:00,49.095657
2023-08-16 16:00:00,16.44628133333333
2023-08-16 17:00:00,52.12586866666667
2023-08-16 18:00:00,40.02063866666667
2023-08-16 19:00:00,1.375928
2023-08-16 20:00:00,0.519196
2023-08-16 21:00:00,0.002344
2023-08-16 22:00:00,0.0
2023-08-16 23:00:00,0.0
2023-08-17 00:00:00,0.0
2023-08-17 01:00:00,0.0
2023-08-17 02:00:00,0.0
2023-08-17 03:00:00,0.0
2023-08-17 04:00:00,0.0
2023-08-17 05:00:00,0.0
2023-08-17 06:00:00,10.062796
2023-08-17 07:00:00,30.408716
2023-08-17 08:00:00,8.131329
2023-08-17 09:00:00,21.849183333333336
2023-08-17 10:00:00,12.702132
2023-08-17 11:00:00,46.413632
2023-08-17 12:00:00,38.31108033333334
2023-08-17 13:00:00,51.423836
2023-08-17 14:00:00,54.767859333333334
2023-08-17 15:00:00,29.973501
2023-08-17 16:00:00,34.411079975
2023-08-17 17:00:00,37.396182
2023-08-17 18:00:00,18.809424
2023-08-17 19:00:00,18.596111999999998
2023-08-17 20:00:00,1.464999
2023-08-17 21:00:00,0.853216
2023-08-17 22:00:00,0.0
2023-08-17 23:00:00,0.0
2023-08-18 00:00:00,0.0
2023-08-18 01:00:00,0.0
2023-08-18 02:00:00,0.0
2023-08-18 03:00:00,0.0
2023-08-18 04:00:00,0.0
2023-08-18 05:00:00,0.009376
2023-08-18 06:00:00,9.003295999999999
2023-08-18 07:00:00,25.001096
2023-08-18 08:00:00,25.87656
2023-08-18 09:00:00,71.661934
2023-08-18 10:00:00,21.255788666666668
2023-08-18 11:00:00,16.995159333333334
2023-08-18 12:00:00,68.407324
2023-08-18 13:00:00,67.98727733333334
2023-08-18 14:00:00,19.121168
2023-08-18 15:00:00,45.818138
2023-08-18 16:00:00,34.211873
2023-08-18 17:00:00,38.702934
2023-08-18 18:00:00,1.475548
2023-08-18 19:00:00,20.231034
2023-08-18 20:00:00,1.416948
2023-08-18 21:00:00,0.0
2023-08-18 22:00:00,0.004688
2023-08-18 23:00:00,0.0
2023-08-19 00:00:00,0.0
2023-08-19 01:00:00,0.002344
2023-08-19 02:00:00,0.007032
2023-08-19 03:00:00,0.0
2023-08-19 04:00:00,0.0
2023-08-19 05:00:00,0.002344
2023-08-19 06:00:00,0.004688
2023-08-19 07:00:00,9.586934000000001
2023-08-19 08:00:00,20.871000000000002
2023-08-19 09:00:00,2.864368
2023-08-19 10:00:00,12.171212
2023-08-19 11:00:00,19.014933666666664
2023-08-19 12:00:00,2.0256066666666666
2023-08-19 13:00:00,30.8306
2023-08-19 14:00:00,0.0
2023-08-19 15:00:00,0.002344
2023-08-19 16:00:00,0.22268
2023-08-19 17:00:00,0.0
2023-08-19 18:00:00,0.0
2023-08-19 19:00:00,0.0
2023-08-19 20:00:00,0.0
2023-08-19 21:00:00,0.0
2023-08-19 22:00:00,0.0
2023-08-19 23:00:00,0.0
2023-08-20 00:00:00,0.0
2023-08-20 01:00:00,0.0
2023-08-20 02:00:00,0.0
2023-08-20 03:00:00,0.0
2023-08-20 04:00:00,0.0
2023-08-20 05:00:00,0.0
2023-08-20 06:00:00,0.0
2023-08-20 07:00:00,0.010548
2023-08-20 08:00:00,0.0
2023-08-20 09:00:00,0.0
2023-08-20 10:00:00,0.002344
2023-08-20 11:00:00,0.0
2023-08-20 12:00:00,0.0
2023-08-20 13:00:00,0.0
2023-08-20 14:00:00,0.002344
2023-08-20 15:00:00,0.0
2023-08-20 16:00:00,0.0
2023-08-20 17:00:00,0.002344
2023-08-20 18:00:00,0.002344
2023-08-20 19:00:00,0.002344
2023-08-20 20:00:00,0.002344
2023-08-20 21:00:00,0.0
2023-08-20 22:00:00,0.0
2023-08-20 23:00:00,0.0
2023-08-21 00:00:00,0.0
2023-08-21 01:00:00,0.0
2023-08-21 02:00:00,0.0
2023-08-21 03:00:00,0.0
2023-08-21 04:00:00,0.0
2023-08-21 05:00:00,7.6004179999999995
2023-08-21 06:00:00,4.180926666666667
2023-08-21 07:00:00,8.60248
2023-08-21 08:00:00,56.6766779
2023-08-21 09:00:00,9.902224
2023-08-21 10:00:00,19.79584733333333
2023-08-21 11:00:00,178.19445399999998
2023-08-21 12:00:00,252.74660999999998
2023-08-21 13:00:00,28.16434
2023-08-21 14:00:00,13.256459333333334
2023-08-21 15:00:00,179.946
2023-08-21 16:00:00,592.952
2023-08-21 17:00:00,460.537
2023-08-21 18:00:00,138.195615
2023-08-21 19:00:00,18.598852
2023-08-21 20:00:00,0.215648
2023-08-21 21:00:00,0.0
2023-08-21 22:00:00,0.0
2023-08-21 23:00:00,0.0
2023-08-22 00:00:00,0.0
2023-08-22 01:00:00,0.0
2023-08-22 02:00:00,0.0
2023-08-22 03:00:00,0.0
2023-08-22 04:00:00,0.0
2023-08-22 05:00:00,0.014064
2023-08-22 06:00:00,12.402096
2023-08-22 07:00:00,0.009376
2023-08-22 08:00:00,16.000126
2023-08-22 09:00:00,68.571308
2023-08-22 10:00:00,38.954907999999996
2023-08-22 11:00:00,11.23479
2023-08-22 12:00:00,11.612176
2023-08-22 13:00:00,2.8358493333333334
2023-08-22 14:00:00,16.075146
2023-08-22 15:00:00,49.148924
2023-08-22 16:00:00,14.620707
2023-08-22 17:00:00,1.5165680000000001
2023-08-22 18:00:00,50.103058000000004
2023-08-22 19:00:00,1.0450333333333335
2023-08-22 20:00:00,21.656198000000003
2023-08-22 21:00:00,0.0
2023-08-22 22:00:00,0.0
2023-08-22 23:00:00,0.002344
2023-08-23 00:00:00,0.0
2023-08-23 01:00:00,0.0
2023-08-23 02:00:00,0.009376
2023-08-23 03:00:00,0.0
2023-08-23 04:00:00,0.002344
2023-08-23 05:00:00,0.0
2023-08-23 06:00:00,3.04837
2023-08-23 07:00:00,0.1758
2023-08-23 08:00:00,12.348188
2023-08-23 09:00:00,9.940902
2023-08-23 10:00:00,39.285468
2023-08-23 11:00:00,34.26346
2023-08-23 12:00:00,63.170734
2023-08-23 13:00:00,30.053605
2023-08-23 14:00:00,35.767081
2023-08-23 15:00:00,34.44310866666667
2023-08-23 16:00:00,46.949142
2023-08-23 17:00:00,21.751532666666666
2023-08-23 18:00:00,2.4319
2023-08-23 19:00:00,28.079921900000002
2023-08-23 20:00:00,0.121888
2023-08-23 21:00:00,0.002344
2023-08-23 22:00:00,0.0
2023-08-23 23:00:00,0.0
2023-08-24 00:00:00,0.0
2023-08-24 01:00:00,0.0
2023-08-24 02:00:00,0.0
2023-08-24 03:00:00,0.0
2023-08-24 04:00:00,0.0
2023-08-24 05:00:00,0.002344
2023-08-24 06:00:00,19.492718
2023-08-24 07:00:00,24.733834
2023-08-24 08:00:00,12.611894
2023-08-24 09:00:00,30.280951
2023-08-24 10:00:00,47.46758066666666
2023-08-24 11:00:00,22.014846
2023-08-24 12:00:00,37.440728
2023-08-24 13:00:00,195.551604
2023-08-24 14:00:00,384.967
2023-08-24 15:00:00,578.424
2023-08-24 16:00:00,545.83759
2023-08-24 17:00:00,560.787065
2023-08-24 18:00:00,456.36235
2023-08-24 19:00:00,348.0742436666667
2023-08-24 20:00:00,25.962128
2023-08-24 21:00:00,0.009376
2023-08-24 22:00:00,0.0
2023-08-24 23:00:00,0.0
2023-08-25 00:00:00,0.0
2023-08-25 01:00:00,0.0
2023-08-25 02:00:00,0.0
2023-08-25 03:00:00,0.005860000000000001
2023-08-25 04:00:00,0.0
2023-08-25 05:00:00,0.0
2023-08-25 06:00:00,8.058672
2023-08-25 07:00:00,4.491493666666666
2023-08-25 08:00:00,4.593068
2023-08-25 09:00:00,7.336718
2023-08-25 10:00:00,16.071990666666668
2023-08-25 11:00:00,20.996347
2023-08-25 12:00:00,30.89624
2023-08-25 13:00:00,31.747148000000003
2023-08-25 14:00:00,28.669842666666664
2023-08-25 15:00:00,40.044864000000004
2023-08-25 16:00:00,15.669626000000001
2023-08-25 17:00:00,18.871579
2023-08-25 18:00:00,26.725891333333333
2023-08-25 19:00:00,0.180488
2023-08-25 20:00:00,6.216288
2023-08-25 21:00:00,0.0
2023-08-25 22:00:00,0.0
2023-08-25 23:00:00,0.0
2023-08-26 00:00:00,0.0
2023-08-26 01:00:00,0.0
2023-08-26 02:00:00,0.0
2023-08-26 03:00:00,0.0
2023-08-26 04:00:00,0.0
2023-08-26 05:00:00,0.014064
2023-08-26 06:00:00,7.353122
2023-08-26 07:00:00,0.004688
2023-08-26 08:00:00,10.177644999999998
2023-08-26 09:00:00,1.0520653333333334
2023-08-26 10:00:00,11.267606
2023-08-26 11:00:00,18.699288000000003
2023-08-26 12:00:00,39.747189999999996
2023-08-26 13:00:00,6.416696
2023-08-26 14:00:00,0.171112
2023-08-26 15:00:00,0.0
2023-08-26 16:00:00,0.180488
2023-08-26 17:00:00,0.0
2023-08-26 18:00:00,0.0
2023-08-26 19:00:00,0.0
2023-08-26 20:00:00,0.0
2023-08-26 21:00:00,0.157048
2023-08-26 22:00:00,0.353944
2023-08-26 23:00:00,0.0
2023-08-27 00:00:00,4.868487
2023-08-27 01:00:00,0.0
2023-08-27 02:00:00,0.0
2023-08-27 03:00:00,0.142984
2023-08-27 04:00:00,0.0
2023-08-27 05:00:00,0.0
2023-08-27 06:00:00,5.665448
2023-08-27 07:00:00,0.07032
2023-08-27 08:00:00,0.0
2023-08-27 09:00:00,0.0
2023-08-27 10:00:00,0.023440000000000003
2023-08-27 11:00:00,0.0
2023-08-27 12:00:00,0.0
2023-08-27 13:00:00,0.0
2023-08-27 14:00:00,0.0
2023-08-27 15:00:00,0.0
2023-08-27 16:00:00,0.0
2023-08-27 17:00:00,0.0
2023-08-27 18:00:00,0.0
2023-08-27 19:00:00,0.0
2023-08-27 20:00:00,0.0
2023-08-27 21:00:00,0.0
2023-08-27 22:00:00,0.0
2023-08-27 23:00:00,0.0
2023-08-28 00:00:00,0.0
2023-08-28 01:00:00,0.0
2023-08-28 02:00:00,0.0
2023-08-28 03:00:00,0.0
2023-08-28 04:00:00,0.0
2023-08-28 05:00:00,0.009376
2023-08-28 06:00:00,16.854524
2023-08-28 07:00:00,0.010938666666666668
2023-08-28 08:00:00,12.842766000000001
2023-08-28 09:00:00,24.495956
2023-08-28 10:00:00,9.939725900000001
2023-08-28 11:00:00,10.035829
2023-08-28 12:00:00,63.992778666666666
2023-08-28 13:00:00,27.724784
2023-08-28 14:00:00,16.906476666666666
2023-08-28 15:00:00,23.725185333333332
2023-08-28 16:00:00,22.850454
2023-08-28 17:00:00,9.361154666666668
2023-08-28 18:00:00,11.973147999999998
2023-08-28 19:00:00,82.227542
2023-08-28 20:00:00,0.426608
2023-08-28 21:00:00,0.0
2023-08-28 22:00:00,0.0
2023-08-28 23:00:00,0.0
2023-08-29 00:00:00,0.0
2023-08-29 01:00:00,0.0
2023-08-29 02:00:00,0.0
2023-08-29 03:00:00,0.0
2023-08-29 04:00:00,0.0
2023-08-29 05:00:00,0.010548
2023-08-29 06:00:00,0.004688
2023-08-29 07:00:00,12.036434
2023-08-29 08:00:00,0.3949640000000001
2023-08-29 09:00:00,39.601898
2023-08-29 10:00:00,14.15658
2023-08-29 11:00:00,47.512876
2023-08-29 12:00:00,25.148764
2023-08-29 13:00:00,8.116092
2023-08-29 14:00:00,4.491879333333333
2023-08-29 15:00:00,61.337727
2023-08-29 16:00:00,26.5071179
2023-08-29 17:00:00,16.46975533333333
2023-08-29 18:00:00,13.312744
2023-08-29 19:00:00,0.8133680000000001
2023-08-29 20:00:00,3.360125
2023-08-29 21:00:00,1.4978159999999998
2023-08-29 22:00:00,0.0
2023-08-29 23:00:00,0.0
2023-08-30 00:00:00,0.0
2023-08-30 01:00:00,0.0
2023-08-30 02:00:00,0.0
2023-08-30 03:00:00,0.0
2023-08-30 04:00:00,0.0
2023-08-30 05:00:00,0.0
2023-08-30 06:00:00,8.119618000000001
2023-08-30 07:00:00,1.8728580000000001
2023-08-30 08:00:00,14.1167269
2023-08-30 09:00:00,29.577365333333333
2023-08-30 10:00:00,21.505020000000002
2023-08-30 11:00:00,25.97271
2023-08-30 12:00:00,13.583866666666665
2023-08-30 13:00:00,20.030650566666665
2023-08-30 14:00:00,19.789214
2023-08-30 15:00:00,17.97027
2023-08-30 16:00:00,36.86372923333333
2023-08-30 17:00:00,43.094422
2023-08-30 18:00:00,4.515714
2023-08-30 19:00:00,7.00153
2023-08-30 20:00:00,0.002344
2023-08-30 21:00:00,0.002344
2023-08-30 22:00:00,0.002344
2023-08-30 23:00:00,0.0
2023-08-31 00:00:00,0.0
2023-08-31 01:00:00,0.0
2023-08-31 02:00:00,0.002344
2023-08-31 03:00:00,0.0
2023-08-31 04:00:00,0.0
2023-08-31 05:00:00,0.002344
2023-08-31 06:00:00,0.002344
2023-08-31 07:00:00,7.182016
2023-08-31 08:00:00,12.662325999999998
2023-08-31 09:00:00,3.738682
2023-08-31 10:00:00,23.247738
2023-08-31 11:00:00,13.165097999999999
2023-08-31 12:00:00,34.920908
2023-08-31 13:00:00,23.38573733333333
2023-08-31 14:00:00,13.158040000000002
2023-08-31 15:00:00,2.052172
2023-08-31 16:00:00,5.982667333333334
2023-08-31 17:00:00,32.62375
2023-08-31 18:00:00,19.870082
2023-08-31 19:00:00,0.0
2023-08-31 20:00:00,0.0
2023-08-31 21:00:00,0.0
2023-08-31 22:00:00,0.0
2023-08-31 23:00:00,0.0
2023-09-01 00:00:00,0.0
2023-09-01 01:00:00,0.0
2023-09-01 02:00:00,0.0
2023-09-01 03:00:00,0.0
2023-09-01 04:00:00,0.0
2023-09-01 05:00:00,0.016017333333333335
2023-09-01 06:00:00,0.002344
2023-09-01 07:00:00,0.124232
2023-09-01 08:00:00,21.803843999999998
2023-09-01 09:00:00,6.701486
2023-09-01 10:00:00,12.139584000000001
2023-09-01 11:00:00,20.727968
2023-09-01 12:00:00,13.064276
2023-09-01 13:00:00,32.360105
2023-09-01 14:00:00,28.126788
2023-09-01 15:00:00,4.771207
2023-09-01 16:00:00,28.08229
2023-09-01 17:00:00,0.979792
2023-09-01 18:00:00,23.854841
2023-09-01 19:00:00,0.180488
2023-09-01 20:00:00,0.0
2023-09-01 21:00:00,0.0
2023-09-01 22:00:00,0.0
2023-09-01 23:00:00,0.0
2023-09-02 00:00:00,0.0
2023-09-02 01:00:00,0.0
2023-09-02 02:00:00,0.0
2023-09-02 03:00:00,0.0
2023-09-02 04:00:00,0.0
2023-09-02 05:00:00,0.0
2023-09-02 06:00:00,0.0
2023-09-02 07:00:00,0.0
2023-09-02 08:00:00,0.0
2023-09-02 09:00:00,0.0
2023-09-02 10:00:00,0.0
2023-09-02 11:00:00,0.0
2023-09-02 12:00:00,0.0
2023-09-02 13:00:00,0.0
2023-09-02 14:00:00,0.0
2023-09-02 15:00:00,0.0
2023-09-02 16:00:00,0.0
2023-09-02 17:00:00,0.0
2023-09-02 18:00:00,0.0
2023-09-02 19:00:00,0.0
2023-09-02 20:00:00,0.0
2023-09-02 21:00:00,0.0
2023-09-02 22:00:00,0.0
2023-09-02 23:00:00,0.0
2023-09-03 00:00:00,0.0
2023-09-03 01:00:00,0.0
2023-09-03 02:00:00,0.0
2023-09-03 03:00:00,0.0
2023-09-03 04:00:00,0.0
2023-09-03 05:00:00,0.0
2023-09-03 06:00:00,0.0
2023-09-03 07:00:00,0.0
2023-09-03 08:00:00,0.0
2023-09-03 09:00:00,0.0
2023-09-03 10:00:00,0.0
2023-09-03 11:00:00,0.0
2023-09-03 12:00:00,0.0
2023-09-03 13:00:00,0.0
2023-09-03 14:00:00,0.0
2023-09-03 15:00:00,0.0
2023-09-03 16:00:00,0.0
2023-09-03 17:00:00,0.0
2023-09-03 18:00:00,0.0
2023-09-03 19:00:00,0.0
2023-09-03 20:00:00,0.0
2023-09-03 21:00:00,0.0
2023-09-03 22:00:00,0.0
2023-09-03 23:00:00,0.0
2023-09-04 00:00:00,0.0
2023-09-04 01:00:00,0.0
2023-09-04 02:00:00,0.0
2023-09-04 03:00:00,0.0
2023-09-04 04:00:00,0.0
2023-09-04 05:00:00,0.0
2023-09-04 06:00:00,0.0
2023-09-04 07:00:00,26.058236
2023-09-04 08:00:00,50.572917000000004
2023-09-04 09:00:00,66.65624933333334
2023-09-04 10:00:00,53.7220689
2023-09-04 11:00:00,129.835321
2023-09-04 12:00:00,276.5802213333333
2023-09-04 13:00:00,76.14562933333333
2023-09-04 14:00:00,120.28114
2023-09-04 15:00:00,81.59423133333333
2023-09-04 16:00:00,107.248482
2023-09-04 17:00:00,90.6439743
2023-09-04 18:00:00,113.43988999999999
2023-09-04 19:00:00,59.454346666666666
2023-09-04 20:00:00,14.52928
2023-09-04 21:00:00,0.0
2023-09-04 22:00:00,0.0
2023-09-04 23:00:00,0.0
2023-09-05 00:00:00,0.0
2023-09-05 01:00:00,0.0
2023-09-05 02:00:00,0.0
2023-09-05 03:00:00,0.0
2023-09-05 04:00:00,0.0
2023-09-05 05:00:00,0.004688
2023-09-05 06:00:00,19.239544
2023-09-05 07:00:00,15.732136666666667
2023-09-05 08:00:00,31.144307333333334
2023-09-05 09:00:00,117.44990866666667
2023-09-05 10:00:00,32.355384
2023-09-05 11:00:00,236.58489566666665
2023-09-05 12:00:00,162.37341199999997
2023-09-05 13:00:00,54.90109756666667
2023-09-05 14:00:00,72.750646
2023-09-05 15:00:00,68.675602
2023-09-05 16:00:00,50.232276166666665
2023-09-05 17:00:00,71.31848966666666
2023-09-05 18:00:00,101.1318279
2023-09-05 19:00:00,39.14595745
2023-09-05 20:00:00,18.87149
2023-09-05 21:00:00,0.0
2023-09-05 22:00:00,0.0
2023-09-05 23:00:00,0.0
2023-09-06 00:00:00,0.0
2023-09-06 01:00:00,0.0
2023-09-06 02:00:00,0.0
2023-09-06 03:00:00,0.0
2023-09-06 04:00:00,0.0
2023-09-06 05:00:00,0.0
2023-09-06 06:00:00,1899.828188
2023-09-06 07:00:00,26.4959659
2023-09-06 08:00:00,13.148662
2023-09-06 09:00:00,23.450544
2023-09-06 10:00:00,81.824398
2023-09-06 11:00:00,87.66673
2023-09-06 12:00:00,93.141884
2023-09-06 13:00:00,96.908042
2023-09-06 14:00:00,59.51645
2023-09-06 15:00:00,69.07645136666667
2023-09-06 16:00:00,51.76408661666667
2023-09-06 17:00:00,68.55146866666666
2023-09-06 18:00:00,74.32621866666668
2023-09-06 19:00:00,99.305922
2023-09-06 20:00:00,27.38843395
2023-09-06 21:00:00,0.98448
2023-09-06 22:00:00,0.0
2023-09-06 23:00:00,0.871968
2023-09-07 00:00:00,0.0
2023-09-07 01:00:00,0.0
2023-09-07 02:00:00,0.0
2023-09-07 03:00:00,0.0
2023-09-07 04:00:00,0.0
2023-09-07 05:00:00,0.004688
2023-09-07 06:00:00,32.575776000000005
2023-09-07 07:00:00,20.488924
2023-09-07 08:00:00,39.791738
2023-09-07 09:00:00,41.3632949
2023-09-07 10:00:00,50.418269333333335
2023-09-07 11:00:00,143.80857233333333
2023-09-07 12:00:00,63.37587133333333
2023-09-07 13:00:00,75.69434485
2023-09-07 14:00:00,107.15731230833333
2023-09-07 15:00:00,59.508228
2023-09-07 16:00:00,209.366239
2023-09-07 17:00:00,97.2688249
2023-09-07 18:00:00,75.767415
2023-09-07 19:00:00,125.746092
2023-09-07 20:00:00,71.929148
2023-09-07 21:00:00,0.525056
2023-09-07 22:00:00,0.0
2023-09-07 23:00:00,0.0
2023-09-08 00:00:00,0.0
2023-09-08 01:00:00,0.0
2023-09-08 02:00:00,0.0
2023-09-08 03:00:00,0.0
2023-09-08 04:00:00,0.0
2023-09-08 05:00:00,0.0
2023-09-08 06:00:00,0.0
2023-09-08 07:00:00,0.0
2023-09-08 08:00:00,0.0
2023-09-08 09:00:00,0.0
2023-09-08 10:00:00,0.0
2023-09-08 11:00:00,62.095024
2023-09-08 12:00:00,260.53000733333334
2023-09-08 13:00:00,112.275164
2023-09-08 14:00:00,170.51939733333333
2023-09-08 15:00:00,112.70354016666667
2023-09-08 16:00:00,85.91452199999999
2023-09-08 17:00:00,140.08209866666667
2023-09-08 18:00:00,69.50099666666667
2023-09-08 19:00:00,173.18634333333333
2023-09-08 20:00:00,42.419374
2023-09-08 21:00:00,0.3922293333333333
2023-09-08 22:00:00,0.002344
2023-09-08 23:00:00,0.0
2023-09-09 00:00:00,0.0
2023-09-09 01:00:00,0.0
2023-09-09 02:00:00,0.0
2023-09-09 03:00:00,0.0
2023-09-09 04:00:00,0.0
2023-09-09 05:00:00,0.002344
2023-09-09 06:00:00,28.954255
2023-09-09 07:00:00,19.037964
2023-09-09 08:00:00,26.380532000000002
2023-09-09 09:00:00,56.76695
2023-09-09 10:00:00,34.08529
2023-09-09 11:00:00,9.755722
2023-09-09 12:00:00,54.058434
2023-09-09 13:00:00,23.177432
2023-09-09 14:00:00,5.019674
2023-09-09 15:00:00,0.100792
2023-09-09 16:00:00,8.557938000000002
2023-09-09 17:00:00,0.004688
2023-09-09 18:00:00,0.0
2023-09-09 19:00:00,0.0
2023-09-09 20:00:00,0.0
2023-09-09 21:00:00,0.004688
2023-09-09 22:00:00,0.009376
2023-09-09 23:00:00,0.0
2023-09-10 00:00:00,0.0
2023-09-10 01:00:00,0.0
2023-09-10 02:00:00,0.0
2023-09-10 03:00:00,0.0
2023-09-10 04:00:00,0.0
2023-09-10 05:00:00,0.007032
2023-09-10 06:00:00,0.002344
2023-09-10 07:00:00,0.004688
2023-09-10 08:00:00,0.002344
2023-09-10 09:00:00,0.0
2023-09-10 10:00:00,0.007032
2023-09-10 11:00:00,0.0
2023-09-10 12:00:00,0.002344
2023-09-10 13:00:00,0.0
2023-09-10 14:00:00,0.002344
2023-09-10 15:00:00,0.0
2023-09-10 16:00:00,0.0
2023-09-10 17:00:00,0.0
2023-09-10 18:00:00,0.002344
2023-09-10 19:00:00,0.0
2023-09-10 20:00:00,0.002344
2023-09-10 21:00:00,0.0
2023-09-10 22:00:00,0.0
2023-09-10 23:00:00,0.004688
2023-09-11 00:00:00,0.0
2023-09-11 01:00:00,0.0
2023-09-11 02:00:00,0.0
2023-09-11 03:00:00,0.0
2023-09-11 04:00:00,0.0
2023-09-11 05:00:00,0.002344
2023-09-11 06:00:00,32.34366
2023-09-11 07:00:00,9.261532666666666
2023-09-11 08:00:00,51.34824364166667
2023-09-11 09:00:00,44.50939533333334
2023-09-11 10:00:00,45.26182166666667
2023-09-11 11:00:00,75.085335
2023-09-11 12:00:00,181.43290133333335
2023-09-11 13:00:00,59.163510333333335
2023-09-11 14:00:00,116.50420666666666
2023-09-11 15:00:00,47.957438333333336
2023-09-11 16:00:00,185.49311133333333
2023-09-11 17:00:00,84.71365656666667
2023-09-11 18:00:00,93.17399
